Year,Algeria,Argentina,Australia,Austria,Azerbaijan,Bangladesh,Belarus,Belgium,Brazil,Bulgaria,Canada,Central America,Chile,China,China Hong Kong SAR,Colombia,Croatia,Cyprus,Czech Republic,Denmark,Eastern Africa,Ecuador,Egypt,Estonia,Finland,France,Germany,Greece,Hungary,Iceland,India,Indonesia,Iran,Iraq,Ireland,Israel,Italy,Japan,Kazakhstan,Kuwait,Latvia,Lithuania,Luxembourg,Malaysia,Mexico,Middle Africa,Morocco,Netherlands,New Zealand,North Macedonia,Norway,Oman,Other Asia Pacific,Other Caribbean,Other CIS,Other Europe ,Other Middle East,Other Northern Africa,Other South America,Other Southern Africa,Pakistan,Peru,Philippines,Poland,Portugal,Qatar,Romania,Russian Federation,Saudi Arabia,Singapore,Slovakia,Slovenia,South Africa,South Korea,Spain,Sri Lanka,Sweden,Switzerland,Taiwan,Thailand,Total Africa,Total Asia Pacific,Total CIS,Total Europe ,Total Middle East,Total North America,Total S. & Cent. America,Total World,Trinidad & Tobago,Turkey,Turkmenistan,Ukraine,United Arab Emirates,United Kingdom,US,USSR,Uzbekistan,Venezuela,Vietnam,Western Africa
1965,26.71619178,432.3739356,312.9800822,106.6528493,0,0,0,312.1127123,305.6738082,71.2209589,1108.116301,78.47648286,70.51694045,215.4935068,40.61195439,81.43229129,0,7.726465753,78.08336986,202.4471507,110.6024563,13.39479452,130.737726,0,110.5699452,1065.496767,1708.631507,84.77063014,73.12246575,9.40309589,252.2339726,121.9709589,142.8963046,26.02031597,46.54926027,75.99664703,978.9859178,1705.075863,0,108.9163685,0,0,16.14561644,46.08022542,315.8710877,40.11200659,20.74149743,477.891863,56.71906849,0,99.44945205,9.030109589,59.76280102,345.7354116,0,81.31331334,115.033138,28.0852224,45.85018745,0.523107577,75.72652055,74.43827028,84.58747945,108.7452877,50.25331507,1.012520548,142.549589,0,389.5744658,76.49975959,44.88109589,0,117.7289315,24.94630137,268.4641644,9.349684143,373.9610042,164.1886849,43.85572603,47.56139726,549.6149182,3204.802554,3313.952416,8219.067934,870.0056543,12946.17509,1666.943406,30770.56197,35.17133007,69.37386301,0,0,1.52578432,1466.077589,11522.1877,3313.952416,0,183.8799534,31.34725278,74.36777863
1966,35.35323288,447.270806,367.4275068,118.2057808,0,0,0,318.6681096,334.6025753,81.12865753,1167.468795,79.31374474,77.45314443,276.6654795,44.7458846,92.3936803,0,8.848876712,85.892,230.1234247,116.5486615,13.96934247,139.9334247,0,134.5030137,1145.222521,1915.967945,92.82145205,80.92452055,10.12427397,281.5287123,117.4666575,155.9988736,28.1338163,52.16947945,79.26201715,1079.86211,1945.19189,0,106.3400747,0,0,18.27663014,53.75209054,333.0484837,40.89760093,28.17607496,521.7595342,62.72975342,0,112.0144932,9.419671233,63.08838991,357.963438,0,95.57522159,119.6335289,31.17319143,47.3178047,0.520986263,77.75241096,94.67592185,92.28273973,113.8916712,51.66654795,1.009945205,148.9004384,0,392.9160274,87.40738812,49.35789041,0,127.8542466,37.3679726,318.8386575,9.575282149,421.5762974,174.7298082,51.77769863,55.99279452,600.6287948,3693.262188,3548.818796,9037.460259,894.3424204,13600.86459,1761.84786,33137.22491,35.41800794,82.81221918,0,0,1.628465926,1573.598685,12100.34731,3548.818796,0,181.4693945,68.50953649,80.17137561
1967,33.2859726,459.8769773,401.4631781,125.6485753,0,0,0,350.3951233,344.5401644,101.8273699,1245.557068,83.42386592,81.56863082,273.294137,53.5718467,93.36931496,0,9.622136986,95.4989863,243.8726575,122.6527747,15.11030137,115.7152603,0,141.2494521,1315.156712,1997.305973,109.2129863,86.06065753,9.876082192,289.3797808,114.3179726,172.2908118,30.43972418,58.4850137,82.61420559,1198.532904,2388.409726,0,103.8542117,0,0,20.10613699,53.44089642,357.3059571,41.86558499,30.95961845,533.5627123,65.81150685,0,116.5856712,9.829452055,67.37906446,373.3710523,0,116.5569767,124.3840451,33.35130218,50.61074242,0.577836599,86.80271233,95.44850549,103.9908493,124.1843288,56.9159726,1.535917808,169.9727397,0,396.2595616,104.3737702,54.86882192,0,138.4970959,64.73060274,387.6718904,9.80715298,421.2205152,188.0065753,61.3709589,61.97342466,598.4156862,4300.455746,3866.126221,9825.686232,922.9602442,14169.74349,1820.002592,35503.39021,36.95416606,97.02052055,0,0,1.752314365,1696.26874,12566.88047,3866.126221,0,185.7288712,100.338166,81.51024057
1968,35.37442623,468.9948101,435.9911749,144.3210383,0,0,0,405.103388,412.432377,120.4571585,1322.15735,84.86143943,86.06351002,298.0057104,58.33828845,103.8965422,0,10.59554645,105.5605738,263.7703279,127.3827264,18.00893443,120.5006557,0,159.5106011,1418.657268,2233.023361,112.2417213,90.22863388,10.51740437,324.3339071,120.6463115,189.26962,32.88288337,64.80642077,85.90756128,1318.665055,2765.207568,0,101.2073227,0,0,22.15565574,53.94090023,386.1447624,42.88548878,33.8862195,572.5233333,67.4331694,0,129.5319126,10.24983607,71.14806704,380.619922,0,134.7906362,129.0613874,38.00151837,52.1499456,0.575715285,98.62830601,95.27098894,118.3432787,154.3977596,60.9576776,1.966912568,180.3346175,0,398.5525137,128.877528,60.6936612,0,150.0648634,95.41568306,411.1241257,10.01432635,473.127987,207.6040164,72.86371585,81.13,629.937285,4902.398211,4107.310371,10775.43026,951.0487181,15112.85066,1941.28429,38420.2598,37.56023018,116.565847,0,0,1.950681053,1794.164536,13404.54855,4107.310371,0,201.4255902,102.0802763,81.26567136
1969,37.71432877,491.7507328,450.9608219,158.6869315,0,0,0,468.287863,456.5649041,148.4716986,1380.190329,90.34448959,92.45494402,400.5609315,69.56820663,100.4919488,0,12.55367123,113.4582466,316.1385479,135.3892434,18.95109589,91.50778082,0,184.5926027,1641.933479,2520.928247,119.9482192,101.0116986,9.711780822,392.3453973,130.4616712,207.3631434,35.62536034,70.94257534,89.83404393,1462.603644,3284.039397,0,99.20755112,0,0,24.63454795,55.89679726,410.0219056,44.42166606,36.78492387,625.2228219,70.33238356,0,142.9521918,10.70594521,74.91658777,392.4975796,0,145.1781888,134.5927725,42.48645264,56.10709226,0.584624661,92.75665753,93.61003886,127.1925205,170.2705753,64.53912329,2.281178082,200.2961096,0,403.0651233,127.0765308,65.22323288,0,165.2828767,129.7931781,469.0139178,10.27438805,507.9129084,226.4303836,87.34115068,87.96964384,644.006698,5715.200084,4376.248756,12030.56586,984.8483909,15943.19733,2032.630432,41726.69756,39.48698997,129.4395068,0,0,2.173272997,1930.183151,14152.9851,4376.248756,0,200.3706164,123.7138201,89.83480098
1970,43.00991781,447.7857684,496.7535068,175.7078082,0,0,0,511.7093699,512.7246849,172.5528767,1471.579753,93.43999578,97.83772129,554.2244658,74.89607832,116.0658928,0,13.26167123,136.7287123,350.7370959,141.4854338,21.51356164,117.0936438,0,207.4605205,1860.037836,2765.050356,129.8523014,117.526274,9.962657534,390.3169589,137.7405479,223.9548765,48.23072664,79.3459726,93.6539905,1658.888027,3876.208603,0,97.02814284,0,0,26.15394521,61.7940193,440.7359872,45.09379379,38.50394623,699.7463014,82.28693151,0,161.0060822,11.19772603,78.4903525,445.5573101,0,172.8052844,130.6951084,46.08125531,58.36842099,0.597352392,91.83260274,98.03667264,144.428411,181.1376986,91.52404479,1.955424658,217.6071507,0,434.7413967,138.0366041,78.57410959,0,179.1284932,162.119726,534.0148767,20.60372192,551.0986823,253.7187671,104.7289863,102.8088767,709.7514769,6645.528409,4826.362643,13323.15459,1043.988224,16622.22599,2141.710642,45312.72197,40.50624879,136.2206575,0,0,2.530831887,2030.725507,14709.91025,4826.362643,0,209.8743644,128.2580165,98.75764056
1971,48.87849315,479.6032603,523.1010137,196.2132329,0,14.00605479,0,525.207863,564.4876986,189.4688219,1512.128247,97.90331257,108.0435342,753.2652877,79.62131507,119.9529589,0,15.8279726,151.1802192,346.8418082,168.199223,23.87684932,122.0270411,0,215.130274,2022.416932,2888.109123,143.3420822,132.6987123,10.83350685,416.3596438,142.3995616,246.1926784,51.74631275,87.80673973,97.66956164,1789.873918,4285.447836,0,96.24936986,0,0,27.29479452,67.58706849,467.2848515,52.94375837,40.63805479,695.6861918,84.87778082,0,160.1228493,23.91375342,80.62558314,455.8247422,0,217.6323588,136.3222485,43.17678847,62.97874473,0.627899289,87.11375342,97.99632877,167.8356164,191.0399178,103.560019,1.890328767,221.9244384,0,441.3193436,120.7224384,86.9109863,0,195.3727397,183.1247123,593.2547671,18.91574,520.8781089,269.5059726,145.1574247,114.3865753,801.3286606,7393.049721,5126.539667,13999.89265,1098.289487,17202.17118,2264.867813,47886.13918,41.85863014,160.3537808,0,0,2.985890411,2036.77726,15222.75808,5126.539667,0,212.3417534,108.5023154,129.4646627
1972,53.54349727,478.584153,532.1593716,211.8594536,0,16.86756831,0,566.8854098,648.8938251,196.5106557,1588.909235,106.3158165,114.2913115,864.5880328,90.00562842,134.9526503,0,17.66516393,164.6743443,365.7013388,174.6081706,24.6568306,139.7058197,0,227.9210383,2237.728333,3036.930929,164.9010656,144.0687705,11.58120219,447.3971585,154.2560109,273.9500904,63.58567045,96.2234153,101.7746175,1885.621803,4570.639153,0,104.2705191,0,0,28.70300546,74.93076503,523.3531661,55.66451643,43.34245902,776.9110109,91.01961749,0,167.5114481,27.21437158,90.52559496,486.3847454,0,226.5970855,132.9858838,50.19345937,73.31566048,0.62662647,71.20439891,84.19579235,164.2627596,213.606694,112.3871475,2.243579235,235.9686885,0,470.255456,150.322541,94.64879781,0,211.9653552,190.5331967,622.7146995,20.44746148,532.9438565,275.5706284,156.195765,142.7478142,867.9106182,7939.822165,5547.117958,14952.10372,1180.175707,18493.07625,2449.699572,51429.90599,67.28718579,181.1134153,0,0,3.895519126,2155.154317,16380.81385,5547.117958,0,230.8216011,111.7193276,138.2607142
1973,58.84926027,482.6346849,569.9006301,230.3962466,0,18.97468493,0,597.8955068,797.4612329,207.9781644,1682.379178,111.7638496,109.5587397,1058.323233,93.92093151,131.2271233,0,19.0069863,184.8970137,341.3246027,183.6656216,27.43871233,131.5687671,0,254.9644384,2499.07937,3249.325973,192.4408767,163.1053151,13.46410959,473.6696986,184.4420822,329.3754248,62.21821897,104.4561096,107.9268493,1982.794603,5264.604438,0,99.38778082,0,0,31.84021918,81.9209589,564.1778055,57.60417785,51.4819726,808.2010411,96.23293151,0,171.9394795,23.80287671,89.70170356,526.5382855,0,247.7560429,143.6416846,64.25024687,74.05274718,0.792086407,73.21430137,99.88830137,192.7445205,238.1097534,123.7879981,2.913041096,265.1963014,0,500.5847962,142.6088767,106.2953425,0,234.1763288,235.1330411,745.2465753,21.26672384,548.1725603,297.2843836,199.928274,151.4262466,935.3586099,9057.9482,5981.449761,16075.7286,1275.913385,19564.48975,2686.088581,55576.97689,68.26616438,222.6339726,0,0,6.062712329,2228.135616,17317.93277,5981.449761,0,257.2587397,109.9349232,152.9701484
1974,65.64186301,482.8743836,603.8556438,207.1307123,0,19.62638356,0,529.3600548,859.6521644,216.2417534,1712.654082,113.4450927,105.0710959,1216.710356,96.43624658,144.797863,0,16.94361644,188.9551233,308.552274,183.2611223,31.34693151,145.6078356,0,223.2220274,2374.834164,2956.806658,179.702274,178.3537808,12.50964384,464.3753151,193.2048767,382.7594963,62.33027608,103.4635342,110.1123562,1927.031014,5068.185836,0,91.2849863,0,0,28.72983562,81.67328767,629.4570693,59.90084829,54.98934247,697.9767945,92.74066178,0,156.366,22.08758904,98.74904038,523.5940822,0,278.8716383,154.1148185,70.17052509,65.95431394,0.879058228,78.95564384,118.0881644,180.0233151,250.0019452,131.2451353,3.989780822,244.4071233,0,525.6078116,140.1178904,108.6268219,0,228.3907945,243.6411233,775.6787397,16.86474986,488.4218944,265.0938082,179.7256164,153.6529315,967.4241344,8996.049616,6587.913499,15133.99733,1360.681772,18972.75915,2771.602749,54790.42825,67.35405479,216.1840822,0,0,8.394657534,2069.286877,16630.648,6587.913499,0,259.4246027,67.51069826,158.5827449
1975,72.88090411,457.9461644,600.008274,209.7801918,0,23.10284932,0,503.7659452,888.3122192,229.2824658,1682.419918,125.9685264,92.02065753,1341.996466,91.17375342,144.8206301,0,14.33608219,208.0715342,305.6690959,177.1740245,30.72605479,159.3702192,0,231.321726,2181.478877,2874.848932,190.9685753,202.5350959,11.81712329,476.862,221.1572055,449.6919455,63.57295406,101.2812877,113.5296164,1814.702548,4787.586795,0,72.64539726,0,0,25.90339726,86.15816438,690.2488443,58.00199263,57.29852055,687.9018082,90.13758867,0,162.4249041,20.5130137,97.44820985,511.6119536,0,273.8223571,170.5170988,71.90018425,75.4769378,0.760266742,82.20945205,120.0672055,194.1129041,271.6142466,137.7177697,4.759150685,278.6043562,0,407.847326,137.3996438,119.580411,0,243.4702466,277.3419178,813.8866027,16.35030712,491.4542732,255.994411,208.8418082,167.8998082,1013.964118,8964.355413,6911.786103,14654.30155,1316.562311,18706.22964,2775.059382,54342.25852,52.18731507,240.46,0,0,13.48580822,1815.077534,16333.56088,6911.786103,0,275.9217178,64.56826635,173.1077593
1976,84.68016393,472.7293716,612.6647814,225.9257377,0,24.93051913,0,523.6178962,957.8858743,238.0320219,1788.929071,128.6881909,97.10530055,1534.126202,107.1146721,152.092623,0,14.53543716,218.724071,325.2157923,176.6066324,34.70180328,187.2965027,0,246.8856011,2349.020492,3097.394098,203.190929,212.4711475,11.82234973,502.8964208,237.2848634,506.2581925,79.9344277,102.6697814,119.5722131,1890.738579,4975.957568,0,84.28584699,0,0,27.9360929,95.73948087,753.8270592,60.0177824,62.24434426,771.3645902,92.13017493,0,178.5386066,23.81685792,102.1443333,518.1780394,0,291.0028489,190.2039601,93.66033347,76.92103328,0.844269582,82.28445355,120.6175956,198.6103552,298.0570219,143.5558293,6.551639344,310.031694,0,471.4917442,162.4293169,125.7159016,0,245.7088798,310.1846721,920.087623,16.20751749,540.3645959,265.314235,268.4485246,175.9705738,1123.800821,9515.921711,7055.122662,15608.59857,1501.601521,20003.50067,2897.483458,57706.02941,58.26147541,270.3786885,0,0,19.48663934,1806.006913,17460.74454,7055.122662,0,280.3021503,16.79728072,212.7419128
1977,95.21728767,497.9405205,643.1646301,218.2335616,0,24.58331507,0,516.7769589,981.5516164,248.3377534,1811.693233,130.9331832,100.0235616,1624.895589,115.7731507,153.1150137,0,15.89884932,229.6887397,325.6340274,180.5518963,43.55808219,201.0834521,0,244.5709863,2272.066986,3072.845041,208.2094521,225.9172329,12.38728767,542.0885753,280.865863,591.5018554,93.12003414,110.1294521,125.2792877,1844.117507,5128.231014,0,81.80821918,0,0,27.67230137,108.9170685,780.1563001,63.95193186,70.35005479,744.1610959,92.71214508,0,176.6496438,23.47917808,105.8981881,545.2533828,0,317.0642628,210.1538939,106.4538339,81.48559533,1.028396611,87.11145205,120.0768493,217.1132329,320.0443562,143.0993927,8.610739726,332.5856164,0,543.8954164,163.6418356,132.0361918,0,243.8366301,371.2090411,879.0899726,17.2660737,525.8294066,267.521589,298.298274,197.9508219,1193.791638,10036.05928,7375.717644,15548.16671,1706.168926,21035.2163,3025.89357,59921.01406,57.16720548,308.371726,0,0,28.32030137,1829.227315,18443.36677,7375.717644,0,314.7885589,16.33900985,231.3181552
1978,99.38706849,499.883589,655.0614558,236.5224384,0,26.19394521,0,551.439726,1068.034438,255.4341918,1849.04474,132.7106733,108.8299726,1819.061233,120.4640274,156.6368767,0,16.57109589,237.8504658,327.6019452,177.9701086,44.83956164,208.772137,0,246.7836164,2398.825041,3229.590411,228.0138356,249.2615616,13.01479452,588.4090137,316.9315068,593.3968087,88.58322824,119.8670685,133.568411,1975.592438,5478.828164,0,87.8640274,0,0,28.03021918,119.0211507,888.9484424,75.07304063,75.376,774.948589,89.29647098,0,200.4725205,22.30065753,121.9890363,559.7989128,0,347.5570475,222.0264087,116.6672821,92.30047045,1.216766786,92.01610959,118.2405205,223.8593425,342.8219178,148.0749788,8.488,365.7751781,0,588.5713442,169.8169315,136.7233425,0,256.0255342,425.9046027,930.0054521,20.09241589,642.7665759,277.5800548,348.8348767,221.2781918,1260.439893,10856.79327,7822.327106,16522.68725,1775.792612,21493.93384,3164.321276,62896.29524,52.17389041,338.3984932,0,0,30.99372603,1903.164247,18755.94066,7822.327106,0,330.8723699,19.73479198,249.9519553
1979,118.6408767,528.4588767,667.3439143,246.077726,0,28.92430137,0,550.6590959,1123.280384,262.8343014,1931.127589,132.6688224,109.8866027,1827.100384,123.7527123,165.690274,0,16.86175342,241.8909863,314.0335068,181.1459817,47.77531507,229.0106027,0,260.6389863,2388.385644,3336.600658,240.8832329,236.2134247,12.56252055,633.6824658,345.5851781,625.527591,107.3298326,125.5007123,146.482274,2035.512712,5545.098877,0,98.25764384,0,0,26.41106849,144.9050959,961.9224717,76.41805914,85.36432877,838.5484658,90.13476671,0,199.8266027,23.15857534,134.3759146,576.8584019,0,372.0116352,258.0720625,127.4663364,97.19015291,1.251978927,98.65652055,123.1176712,230.5984932,349.1265753,157.8787793,9.179178082,387.1330137,0,708.1688007,181.0924932,139.0528493,0,242.362137,480.4452877,992.3895068,20.62735425,688.4999347,266.4092329,352.149863,225.1116986,1344.759768,11152.44533,7967.873025,16910.36983,2018.362807,21331.26121,3299.839794,64024.91176,40.48364384,302.5853699,0,0,42.18684932,1921.841534,18438.21115,7967.873025,0,354.4296493,22.86000887,283.0994667
1980,120.2332514,490.1523497,639.484955,240.0575137,0,32.35513661,0,505.6165847,1079.82735,271.3356557,1898.032459,124.764847,111.301776,1706.835337,125.8784426,157.0588197,0,16.97144809,224.6487705,268.5710383,187.4209003,61.92532787,256.5253005,0,251.4652186,2219.989344,3014.441995,246.010082,230.5130601,11.58693989,643.3793443,385.715,569.6914708,141.7940597,112.9764481,158.498306,1929.293224,4988.733689,0,83.10199454,0,0,22.45265027,163.2132289,1071.68923,76.35798907,85.82333333,779.5431148,86.65772754,0,198.8402459,17.84945355,149.9626887,657.1014761,0,341.9021947,253.5404354,142.7136154,94.51131365,1.217614918,102.6076503,132.4470219,214.819918,346.719071,167.8385351,16.87368852,365.7066393,0,592.3063609,179.4123224,129.1355464,0,248.4720765,475.8800273,1042.79959,20.73971694,608.6824978,265.9062022,364.2890984,232.5080601,1418.558135,10552.57361,8338.158114,15768.58197,1932.985988,20032.07652,3364.939691,61407.87404,32.44806011,306.4307377,0,0,99.33021858,1649.147623,17062.35484,8338.158114,0,423.4013497,40.1012705,299.7940534
1981,130.103589,458.2827123,622.1909857,219.2166575,0,33.59435616,0,465.8093151,1040.870795,242.990137,1788.171096,123.7439771,115.5331781,1625.357912,133.9181918,161.4944795,0,16.38079452,222.3785479,254.569863,182.6549763,69.01030137,296.0115616,0,241.4735342,2023.296877,2753.703562,231.4971781,221.3954795,11.36169863,696.9477808,430.788137,563.6720161,151.374059,101.447726,161.4792603,1900.221452,4749.646055,0,112.0670959,0,0,21.75884932,175.2245758,1195.702533,81.10838315,84.65580822,725.9287945,82.67503326,0,186.3688493,17.72950685,154.5744366,665.9733659,0,315.4280856,273.158754,158.6389931,91.07662303,4.419916288,109.0738356,135.8541096,202.5927397,325.0694247,177.4190355,18.44512329,327.974,0,708.5561962,206.3254521,127.8223014,0,270.2831781,473.5903562,1016.378575,24.62071644,551.7671511,247.4791781,323.8416712,223.6496712,1513.443753,10303.50012,8442.134211,14771.72671,2116.038532,19043.56897,3342.524174,59532.93647,32.34646575,303.6469589,0,0,109.5565205,1538.942685,16059.69534,8442.134211,0,448.3381671,34.88821049,305.5673476
1982,137.662,441.0080548,626.5203992,208.701726,0,33.19082192,0,441.1832329,1066.578658,236.080274,1608.54537,123.5538691,103.8460274,1613.611201,130.8878356,165.9060548,0,19.51915068,206.0547123,220.5337534,176.1005379,75.16183562,336.0304932,0,224.3267671,1883.315808,2608.492986,236.5924658,210.487863,10.43682192,727.6304932,447.5648767,614.9088026,158.9387024,89.92838356,156.9087397,1809.366329,4453.169781,0,129.6236438,0,0,21.50558904,183.5936981,1254.638025,75.86578561,89.09005479,640.2225205,82.93689855,0,180.1328767,26.31361644,150.4677085,575.7878601,0,323.4568465,306.3633877,171.6504183,85.54859822,4.402053274,119.7975616,133.1063014,195.2290411,307.3023562,187.0261879,27.18468493,325.0569863,0,784.5525556,201.7057534,118.4572877,0,274.6310959,471.2924658,969.2519178,27.65607096,515.5844327,234.4399726,313.2255616,205.8489589,1589.6907,10019.85635,8388.427165,14112.10974,2326.600188,18158.14608,3250.661878,57845.4921,35.62556164,324.463726,0,0,121.8060548,1560.188767,15294.96268,8388.427165,0,444.5390575,35.52722273,324.2582615
1983,155.1492329,450.8226027,618.304428,204.0280548,0,29.68126027,0,403.8560822,1017.612055,229.248,1518.12474,121.9171567,100.3599178,1654.326212,117.4833151,171.8702603,0,20.36041096,201.9241918,209.6284658,175.0451565,68.8649863,369.9809863,0,209.2346027,1849.98063,2564.03789,226.7710959,199.9566849,10.13353425,765.4041644,438.5658904,749.8882961,179.194554,81.78830137,149.1326575,1815.813068,4457.921233,0,143.2726301,0,0,20.55224658,197.0181538,1227.687988,85.73773081,90.1639726,609.9706986,80.013381,0,176.1453699,20.87046575,153.4561802,547.9241352,0,347.0426453,330.4649696,180.2671581,74.53629411,4.40539574,131.6714521,118.0193699,203.8460274,318.6587945,187.7393573,30.14312329,291.266274,0,870.3591571,213.3603562,116.0576712,0,278.0443836,497.1795616,988.2174795,30.14746493,452.2782908,256.3693425,322.3921644,231.3140274,1642.780976,10182.58283,8273.486655,13850.86217,2596.571963,17980.35303,3138.621457,57665.25908,31.4540274,342.9591233,0,0,123.2461096,1516.843863,15234.5403,8273.486655,0,435.2406521,40.49755715,303.9869599
1984,171.7896721,426.955082,646.2667986,198.3083607,0,29.8518306,0,392.4544262,1031.307568,220.3445082,1539.787814,119.0229201,100.2109563,1712.887835,109.3987432,171.3865902,0,20.93620219,215.6229781,206.9000273,177.5239811,69.14297814,398.2053552,0,211.6359836,1786.54806,2555.174372,232.0904918,207.731612,10.55355191,822.8071038,460.8512295,808.8853062,195.2839054,80.18978142,139.0793716,1732.337951,4674.423852,0,157.1408197,0,0,20.57551913,193.6883272,1293.317853,78.57091686,93.24002732,611.5197541,81.3696365,0,185.4303279,33.41480874,145.3119979,582.6665981,0,324.0801008,356.027271,173.4687454,74.44281547,4.479636776,142.1221858,121.2693716,167.4392077,325.9761475,187.7765493,33.40199454,278.7082514,0,969.1757149,224.820847,123.9665574,0,301.8235246,501.1115027,939.6122131,25.47178716,433.3058827,247.9230055,316.3458197,241.3059016,1675.307811,10534.9195,8259.455923,13914.88865,2832.57105,18558.4646,3132.330129,58907.93767,27.54060109,340.3880601,0,0,140.1618579,1824.797978,15725.35893,8259.455923,0,408.3846475,39.44489227,276.2059515
1985,176.3272603,388.9779178,626.8609735,200.0578904,160.3666575,33.58969863,491.0399452,400.1878356,1052.260329,201.8531233,1556.131534,120.5876484,97.67638356,1807.444412,103.4850137,178.5949589,0,20.89630137,211.7439726,213.958,182.3057011,85.16257534,406.1509589,65.73813295,214.7459178,1769.061781,2643.495836,241.9347397,212.1350137,10.66273973,895.9757808,453.856,892.4390927,229.8807986,80.24208219,132.1213973,1725.925945,4486.621233,421.0572877,152.8364932,112.4300548,167.1679726,21.88416438,194.6045149,1356.872735,88.18981778,93.57010959,621.795411,77.81248795,0,195.1955616,29.64369863,164.8859962,545.1134531,291.4674973,450.0473287,365.7954723,183.1566581,81.32164738,5.342581889,151.9710411,118.678411,150.2645205,332.0439178,185.004354,43.77961644,295.0692055,4943.678384,993.1929379,230.0102192,123.1829863,0,295.5046301,537.3469589,914.2142192,23.38182986,463.2654889,253.4088767,392.4686375,231.5579178,1720.709094,10602.40328,6635.639572,15593.76989,3011.699452,18639.13526,3115.447535,59318.80408,28.97986301,358.8654521,95.55807436,1271.604548,172.0099452,1615.951041,15726.13099,0,232.471726,418.0943479,40.26604383,290.1613759
1986,179.9450411,448.4805479,639.1690815,210.2211233,168.1409863,36.14254795,580.654274,449.9683562,1167.650137,212.8269315,1559.479068,120.67896,104.421589,1924.954502,102.1395342,177.6107397,0,22.47057534,205.1037808,211.2204932,193.5673789,86.52123288,408.8936712,64.96919543,225.1177534,1809.704986,2778.549616,244.3946301,197.3965479,10.80093151,944.1254247,493.779863,822.0309549,245.3420456,97.85016438,137.1173699,1765.927671,4542.08611,384.1109315,156.883726,94.65038356,139.9134795,23.70320548,188.0086983,1393.829721,85.31756354,92.72457534,685.2705342,72.46223089,0,205.9494795,21.74030137,171.4217375,532.8985195,277.4742915,471.6667581,359.6606027,176.8692768,80.92354609,5.960362711,163.9446027,126.7944932,157.9189863,344.2669863,198.2636253,50.3060274,314.3014247,5006.31063,1000.784278,265.3872329,120.2453699,0,285.4483014,588.4032877,909.2632877,23.4428474,497.9738356,276.4779452,433.6526607,240.9260236,1697.286081,11032.54374,6724.862489,16098.50047,3001.0941,19234.2024,3312.159716,61100.64901,30.97756164,391.3651781,69.63997867,1277.659616,207.2287945,1641.006603,16280.89362,0,238.5313973,435.202389,44.57837438,268.5599104
1987,182.6426849,476.7063836,652.6141384,216.6853699,158.3636712,35.75115068,574.810274,454.6130959,1207.327041,204.8835068,1627.213151,129.6377614,109.3888767,2048.283956,100.8519178,187.0365068,0,26.28843836,205.3934795,195.846411,196.4659213,87.64178082,424.8043562,65.63049469,225.9098356,1824.201753,2719.681041,265.4282466,206.5548767,11.74441096,974.2576438,510.8396438,858.9748617,255.3892968,86.668,153.5372329,1845.156493,4555.993041,371.7882192,155.3902466,76.96758904,153.5806575,26.63120548,193.7294255,1448.322355,87.34511948,93.46,691.5326849,85.18728385,0,209.3292603,24.18772603,165.4780603,552.6304194,273.3396727,474.1118191,386.2321096,205.3160137,83.06985284,6.310718876,179.8076438,136.9847671,182.8079726,349.211589,194.1665872,53.41386301,346.6175616,5050.794877,1063.112292,280.1907397,117.3696712,0,302.6496712,621.6,944.4017808,26.6956074,436.054763,261.1885205,451.713143,263.965143,1786.25339,11381.82466,6725.097001,16214.41525,3177.447436,19740.20463,3410.795447,62436.03782,21.4570137,443.5250685,69.64461617,1330.157671,227.2098082,1604.88337,16664.66912,0,226.3556712,418.9150438,52.05815302,287.2589039
1988,181.7583607,474.9129781,681.9034478,215.3169945,161.8584153,35.80368852,555.7471585,466.3313388,1223.938306,216.9563934,1709.77377,125.8385473,120.1387705,2202.924572,115.280082,196.3863716,0,28.08685792,197.9945082,193.1189891,213.4621248,103.0195902,430.6121585,65.95707256,225.1445902,1807.440792,2723.180847,273.285847,192.3443169,12.22729508,1069.485355,535.9210656,898.1352788,280.281452,79.50396175,168.5895902,1876.331612,4879.250546,372.8337705,152.9069399,68.84915301,147.3204645,27.20825137,209.9595061,1434.998001,91.69019628,99.665,726.660235,82.93140944,0,196.3494262,22.23155738,165.7816542,556.6944588,272.8202715,507.0778704,385.4971064,211.046492,90.4673535,6.815573721,193.192541,134.8348361,197.1327596,356.7948634,205.5514465,38.10530055,324.3755738,5000.701612,1093.137301,322.2774863,115.0484699,0,332.1862585,739.1393989,975.6000546,26.28234536,409.5568752,261.7769672,512.8320144,297.7660628,1865.32368,12322.44031,6712.015008,16290.31385,3309.813133,20428.02191,3479.462439,64407.39033,19.83972678,475.3810656,69.48481826,1219.814891,270.9286066,1699.726831,17283.25013,0,278.5689617,433.3915,54.5763745,298.0875151
1989,191.9691781,434.8742466,709.9371535,213.5788493,158.3636712,39.39123288,522.2218356,459.992274,1236.151342,212.9130685,1770.719342,131.8288278,132.9309589,2315.068868,123.3093973,202.6720548,0,29.13835616,189.6198904,186.903726,222.0322549,108.2766027,449.7584932,68.12521678,225.711589,1857.161397,2571.505699,297.5836712,188.3654795,13.15153425,1163.697342,569.519863,969.5431233,313.3155265,82.12975342,173.4249315,1909.072411,5094.048712,382.0365753,155.3823014,69.03778082,151.6135068,29.96290411,219.2685657,1537.54114,93.68665288,109.0113973,719.5982877,84.52319483,0,197.7769863,28.60372603,165.4662569,589.7857781,260.8052383,486.9095355,383.7160548,215.1653491,91.25585488,8.137814766,207.2884932,119.4744932,222.3106301,356.4168767,253.5291354,42.12819178,335.8362466,5111.449288,1068.648268,367.0014795,115.1526849,0,344.9059344,854.9832329,1024.124986,25.17807918,393.8615175,252.284137,568.0079726,349.9443167,1941.597731,13129.59319,6771.666296,16247.78219,3420.164287,20633.49369,3487.593217,65631.89059,17.69350685,447.4069863,69.69135875,1170.676192,285.4021644,1738.641507,17325.23321,0,267.0983288,422.6495507,50.6483952,306.9306565
1990,212.2470137,412.2729863,725.0910669,222.7183525,166.2286575,38.2249589,483.2699452,493.1803496,1228.982795,195.8828915,1747.306356,135.8995427,140.181589,2296.888911,130.5132055,205.8056164,91.96293151,30.87161644,173.5770685,183.6505753,226.4575063,111.393863,465.0211507,67.1386094,234.4486982,1894.606192,2684.624767,323.6670162,195.2901439,13.39189041,1210.138274,652.2610411,1003.854658,312.6980668,90.39986476,179.9450685,1924.429699,5239.587008,440.4992875,66.62389041,65.06720548,144.9811233,32.95110033,262.6409851,1610.785804,85.67055819,112.5747397,750.7716987,93.65366429,21.10401,191.7671356,41.93419178,177.9164143,581.1804997,273.6536986,327.5641079,403.7093699,216.4258148,87.08716596,14.0290137,216.3512603,119.3310959,232.8410411,325.3535342,237.4355868,43.03843836,363.1155342,5042.2818,1136.250269,444.266274,99.60068493,34.98094797,348.7533703,1040.60611,983.6084169,27.09984603,393.2373893,270.1974795,588.7422297,423.9618121,1979.575537,13860.7406,6702.033764,16560.1081,3488.55387,20297.57607,3475.422041,66364.00998,25.36180822,476.1954795,93.34941607,1271.604548,300.4999178,1750.731452,16939.48391,0,202.7509589,427.9250795,59.956495,298.3963699
1991,207.4835068,425.9309041,703.9458609,240.8583317,160.3666575,35.42438356,467.6652877,526.9493278,1242.149699,130.3174165,1659.168493,147.942341,156.3612092,2490.568937,130.7747945,211.1153425,65.77134247,31.53805479,142.9519726,186.4756164,220.083057,124.3035068,457.2406027,59.12189413,232.5760289,2001.128192,2810.176192,327.9861919,166.2792307,12.59446575,1230.352822,692.1147945,1066.372146,226.317936,98.70644364,185.0745205,1900.636137,5327.61292,444.9297682,70.98027397,63.11238356,159.5637534,38.41387631,284.6361537,1686.530326,82.00722765,114.2040274,711.5717384,95.1562245,19.02268987,178.552065,66.96750685,164.1684031,568.8431528,203.5778356,252.7902499,434.9192329,219.168488,90.39951484,21.09942466,227.102,111.0183836,225.6711233,308.3910959,245.6214853,38.96715068,299.9879452,4917.050011,1190.570293,451.7819726,87.92252055,33.9646378,352.0838674,1256.647781,1012.52709,28.39570877,345.1615434,274.9482466,608.4908663,452.1943315,1992.335934,14463.24766,6513.938589,16342.32427,3645.580841,20004.64708,3514.873656,66476.94802,24.08010959,465.0753151,103.826262,1160.607123,365.4117808,1751.023671,16658.94826,0,216.5227671,412.7294932,58.20858035,318.9657327
1992,209.643388,448.9307377,707.3407981,234.1824526,155.9084699,39.25057377,397.5111475,535.1116558,1328.60776,117.4045194,1688.913716,167.4738355,169.0543856,2704.881289,166.432377,230.9550546,65.59163934,36.19467213,137.9553232,184.6106831,220.4695683,123.4964481,444.7834426,31.70323153,228.5649984,1995.507146,2827.032658,332.4034953,168.2730272,13.46726776,1291.883306,745.116612,1136.304139,356.3711776,102.9834855,195.4280601,1931.942678,5454.846993,414.8811475,100.3260929,47.90691257,83.69846995,39.49717193,308.9501529,1708.33885,81.18130921,133.8854645,756.1810706,96.98012357,20.25678703,182.0175354,59.22142077,153.7716787,538.0191898,161.7851093,191.5216361,441.2210368,210.1608519,94.30232609,23.85892077,246.7863661,116.2028689,276.6727596,284.6863115,269.4596997,40.34013661,252.3435519,4698.916366,1155.413542,463.6543716,80.12581967,33.019246,362.0782232,1523.760055,1117.994274,33.18069098,363.4639794,278.2265027,625.4222743,507.6660373,2033.729112,15410.07649,6101.891831,16059.30069,3851.360797,20365.88556,3738.325898,67560.57037,33.1834153,489.8143443,97.92163934,855.079235,366.7351913,1771.079208,16968.63299,0,174.9679508,488.099877,63.48002732,347.667943
1993,208.3747397,446.8160274,744.3431192,236.6733279,150.8807671,44.07386301,281.493726,526.9118836,1388.838411,127.6684303,1697.295781,179.6574333,184.814267,3013.470846,173.8990411,245.5923288,69.64263014,37.84413699,140.1716135,193.4194795,227.0431047,124.7830685,427.4445205,33.95664821,220.3038342,1924.488774,2881.341784,341.6005032,160.0997225,13.97454795,1308.227918,785.8428767,1233.645007,503.1488687,104.6488323,204.1096986,1906.193397,5367.239,320,103.1907397,42.973318,72.74676712,39.45216503,345.7039406,1714.927473,84.46006144,137.4929863,744.8783523,97.68190441,21.9385535,195.0189599,56.95726027,160.9402279,542.9131538,100.0631781,171.4369435,454.4405205,235.6542018,98.59094123,24.229,269.0040548,121.1346575,287.9947945,291.995589,257.8159905,41.15268493,235.0137534,3928.360685,1166.455698,504.4936164,66.69241096,39.6910305,376.2250999,1681.529726,1058.959272,32.54477233,355.6674782,261.5937534,670.0756734,590.0306468,2066.256369,16157.50862,5021.493233,15620.70624,4144.735985,20573.49856,3812.438442,67396.63745,29.05887671,562.8303288,58.8380274,494.460274,381.6355068,1788.601753,17161.2753,0,181.8568493,450.2392767,80.41260274,345.3326549
1994,202.1726575,432.9663014,772.817981,234.1466091,140.1632603,46.14405479,228.1651781,583.4689484,1484.469479,120.3720636,1726.13537,197.0505566,198.173708,3068.820543,186.3136164,253.6854795,72.35249315,37.4970137,146.7293982,205.1373699,238.9914093,135.3267123,426.698137,31.76768359,229.5891281,1861.744795,2858.500891,349.6737526,166.9422758,14.15756164,1405.96926,808.9575068,1283.120057,574.2550963,113.8236338,225.3745205,1903.520082,5651.845688,247.1016438,136.440137,40.65004822,67.11394521,39.56687154,385.479154,1824.336785,83.98853503,149.3583014,740.91229,111.266814,16.92523173,197.2353207,50.59194521,160.4851424,573.7326286,47.05660274,159.3227272,468.9170411,253.2530785,109.0554022,24.7709863,287.8611507,131.6004384,304.0198082,309.2601096,259.6566501,43.64315068,219.4689863,3485.981836,1403.271455,578.3612329,69.61361644,42.91331711,392.413454,1847.538849,1112.017068,36.07547151,377.3366558,269.9397808,711.9181185,655.4722181,2118.334039,17108.9214,4366.37189,15575.76643,4584.595676,21185.10199,4037.331391,68976.42282,22.63,540.0376164,59.95367123,401.8054795,398.982274,1782.567014,17634.62983,0,157.9496986,498.6406849,89.57479452,346.6874801
1995,196.4710685,431.5095068,797.1445664,232.3300544,125.5183836,60.0849589,206.4776164,578.4400634,1552.580247,123.9489277,1848.248824,218.412721,217.7386986,3342.23228,198.7788493,266.221589,79.59323288,39.79605479,167.023606,214.8870685,248.417511,134.1973973,462.5733425,25.31909197,209.2552601,1875.536668,2859.58785,364.704545,156.8317436,14.25926027,1573.239041,864.6745753,1286.542842,558.9442873,116.2093739,253.9910137,1971.710849,5770.821285,242.440274,141.693863,36.58663563,62.05884932,37.25486974,403.8303558,1722.421663,81.39590969,143.0724384,783.6801022,120.220295,16.14474832,194.927902,55.2620274,170.7947461,576.6952119,45.21646575,152.8336263,504.6978356,266.073944,123.3847497,27.38806849,311.6833699,148.8856164,341.6628219,316.5301644,290.0011061,45.53336986,266.6424658,3058.016888,1354.26618,605.8008219,68.48421918,46.55471161,417.6362117,2016.878137,1181.101546,39.10236247,360.3769532,250.541863,766.0672154,712.6977482,2192.645152,18194.56516,3864.611956,15857.65322,4600.641144,21205.42386,4179.339244,70094.87974,25.68063014,606.3245753,54.80369863,392.3780822,399.709726,1765.797151,17634.75337,0,132.1386301,484.0328767,98.85172603,349.6166583
1996,185.473224,447.4311202,807.7497211,239.7491657,111.664235,61.09248634,204.236694,623.9240392,1635.447432,116.8188497,1889.218279,212.5983499,231.1498468,3659.893876,194.1435246,274.4984208,75.18398907,40.46931694,174.5342907,233.5335519,255.8212219,149.4303552,488.4271858,26.99755362,216.5380216,1910.830358,2899.144541,380.0942653,144.7194347,15.93180328,1692.728333,923.6337978,1339.435981,594.401859,122.0384373,254.156694,1941.938552,5802.001269,204.8872951,138.2630874,38.17471477,63.96224044,38.53181223,445.3667836,1744.858541,81.9582621,136.1831421,778.3985354,121.4544619,24.27527652,205.7982289,53.27680328,181.4624879,600.1419296,40.44614754,183.5375812,505.4648634,266.596409,127.6311184,27.48878962,326.4189071,153.9899454,357.5791257,369.919011,277.9744121,47.85393443,252.570929,2623.976477,1400.502275,612.0695902,71.28860656,53.65804012,428.0472504,2152.981557,1209.801077,47.33112978,382.6473037,258.9011749,769.551484,792.1310383,2237.854089,19061.81908,3379.154018,16100.24965,4718.609541,21878.91767,4264.943709,71641.54776,29.29448087,631.5478415,64.09557377,291.147541,385.2540437,1805.669153,18244.84085,0,129.8475956,403.3307104,114.2295082,367.8586038
1997,185.6283288,450.2628767,827.4963472,244.7401393,106.8659178,70.56079452,179.89,638.5168829,1763.505973,92.02117003,1968.884379,231.3018162,249.5250872,4007.378678,192.5249863,280.510886,80.47928767,41.51167123,167.8006231,226.5649315,260.45084,170.0183836,517.8513699,27.03708182,214.1611236,1928.814549,2893.632108,384.8495459,147.6589235,15.65841096,1823.06874,1023.955973,1390.976399,713.2064508,133.1741763,238.176283,1954.13674,5756.157133,206.9806849,154.2643014,34.33049872,64.42230137,40.51833993,511.8228506,1783.883646,85.06266029,144.9357808,810.8683112,126.9133309,20.55596266,209.421944,47.59775342,185.3432218,639.9273983,40.23512329,203.1444835,535.841863,279.4944645,130.3270522,29.6025226,336.7759178,159.2515068,386.5743836,388.4329358,297.7719469,50.53416438,267.694,2630.121663,1427.967589,648.5061918,71.87257534,54.26621222,436.5653049,2388.155753,1259.922329,51.41307205,361.0346032,273.2674521,800.2854967,805.2551636,2306.814627,20073.13981,3366.79306,16226.21907,4951.42001,22291.45258,4525.22961,73741.06876,18.48978082,627.6640548,63.5239726,287.3027397,392.8552055,1762.971014,18538.68455,0,139.1756986,432.1088493,130.9517808,367.2233549
1998,192.2752603,459.019589,828.8616655,253.4936347,112.2191507,78.11813699,170.0960822,647.1002056,1838.310904,98.23029595,2002.267713,264.7922666,255.7716394,4139.010427,184.7212877,275.1840556,89.94424658,45.11747945,172.573972,219.5983288,264.7707141,171.5893151,545.4598356,26.94354726,225.6839244,1995.922306,2895.901218,402.2784891,154.6685027,16.07884932,1959.390219,977.7262192,1345.559059,474.3325585,148.8745602,258.0987898,1955.24326,5525.911369,172.1371233,229.6058219,33.04211825,73.34769863,42.25457365,444.9575575,1881.034061,80.43282768,144.5037808,820.3838567,128.9524209,18.5371844,210.4978213,48.10073973,195.2356456,661.6922883,39.02753425,193.1276699,554.1870959,292.8721905,133.4601278,30.86705082,348.3953973,154.6306575,389.7463014,439.6550935,322.4736091,51.82969863,235.8936986,2489.813655,1509.124236,661.4359726,80.23838356,51.83413935,443.4571976,2048.969479,1359.648375,54.82333808,401.5789306,276.6614521,824.5619551,741.6595416,2367.505915,19675.95419,3203.264148,16591.10337,4861.945753,22709.91862,4709.642076,74119.33408,20.99479452,630.378137,82.08147945,296.5126027,391.1077534,1757.385205,18826.61685,0,137.8891233,474.1964384,143.4772603,372.8670579
1999,185.5245205,430.6128493,851.2215626,249.6187002,107.4260274,69.23778082,156.6883288,626.5079832,1889.452658,89.82919181,2061.212959,262.1861918,259.4806883,4386.981939,197.2916712,245.53862,88.95010959,47.23917808,171.8394859,218.1230959,279.0822606,150.9077808,560.0356164,24.51891085,227.5928325,2023.381821,2803.271734,392.2997642,148.5549959,16.14871233,2147.79013,1022.317644,1356.429051,347.0308892,168.3059476,276.0577262,1962.467534,5637.009435,143.8756164,255.7691233,30.95160294,61.09323288,45.12082531,489.3655863,1874.442378,84.78114931,158.6605753,840.4457323,130.5855191,18.7850957,207.7254457,60.43816438,186.9582425,638.1114348,31.07367123,170.8601604,557.2600822,305.559863,143.953653,32.56377055,361.3298082,159.2353151,372.4612603,463.122078,333.8316266,51.2429863,190.4627123,2567.796825,1565.573084,655.5823562,73.24082192,52.08771839,449.5075344,2197.041945,1405.828303,59.90930137,384.6242419,268.9318082,886.3325462,794.7142282,2450.483226,20604.24723,3238.066962,16445.81879,4852.982531,23360.50912,4721.452095,75673.55996,35.23547945,629.1462466,89.41252055,267.9082192,383.1814247,1743.002925,19424.85378,0,141.7939726,506.7374247,158.116274,394.7679358
2000,190.3950546,431.6443989,845.9934099,242.6322759,119.6759563,67.97057377,156.1344809,643.4298392,1843.159918,89.0569763,2042.706382,269.1308517,253.1262686,4696.923683,204.1387432,238.9628033,79.55144809,49.08308743,165.923761,210.6848087,280.254822,138.7756831,551.9360929,22.14345495,225.4740083,1986.124436,2740.799676,408.5960604,143.4200265,16.42606557,2257.815511,1147.784558,1403.760286,461.4071834,168.0266824,279.1239219,1928.027951,5542.026481,159.5776776,256.9349126,26.22986343,47.98650273,48.19451154,494.5331485,1951.930531,92.38677091,149.7043169,844.7106178,133.1422858,18.88991567,193.8979443,64.07614754,198.6961401,720.8959493,30.24734973,186.268581,564.9609924,321.3720765,123.2759216,32.88094303,372.0386885,154.9890984,346.4352186,426.1856246,327.9942523,49.64445355,197.0300546,2540.012897,1626.912929,695.9995082,73.37322404,49.54610941,455.5047669,2260.070738,1421.180638,70.40836721,335.1684286,260.2568306,916.0366755,762.8609424,2463.879219,21183.48197,3233.608526,16208.65763,5087.4058,23588.43201,4719.506232,76484.97138,35.08211475,666.5101366,87.13101093,252.9482514,380.5849727,1712.885583,19593.7951,0,140.829153,510.463224,170.6072951,389.4443753
2001,197.553589,426.5518356,851.9229868,263.2068812,78.74734247,81.37926027,152.3943288,654.1962192,1885.890234,95.79862928,2093.870156,288.3679045,242.3139762,4809.613544,242.3318082,225.4200822,80.8230137,49.48328767,176.2066925,202.8215068,296.8351387,144.073863,537.0959726,25.63881775,221.7529145,2001.839877,2779.654081,416.5398367,140.8346004,15.41860274,2285.023125,1165.200711,1421.745642,533.1331806,181.5397771,259.3596139,1918.722027,5392.431209,157.7063836,264.5867685,30.51331844,54.75663014,51.26940116,521.5266585,1925.034866,98.24434596,151.6408493,886.2307447,134.7128058,15.5779515,221.1382561,71.73613699,205.9540008,726.7849409,32.03145205,216.9072519,580.7574471,321.0967123,120.6987421,36.43108164,366.3279178,147.2890137,344.9394247,419.3563422,326.6711405,61.87660274,210.9894247,2627.688851,1746.010436,752.9337534,66.71575381,51.76695434,466.5963151,2263.30137,1484.164112,69.44026932,342.5495792,278.264,964.89686,765.9010739,2510.264737,21403.55355,3268.731892,16497.23524,5320.223088,23553.22065,4812.500157,77365.72931,32.87833151,617.7747945,84.44657534,283.8485753,381.0172603,1714.264243,19534.31563,0,135.7169589,572.2312329,185.7167671,404.7707321
2002,220.022274,394.9223014,851.4344765,269.6558623,72.63512329,81.76649636,159.3938356,654.6840436,1844.874226,97.14141117,2172.313143,288.2133876,251.9738203,5200.217579,265.654137,221.2866164,84.60728767,49.08189041,171.0021859,196.1881644,301.3112368,143.2959178,524.374411,28.46272565,227.7571891,1944.968921,2685.363065,421.1320266,139.3291707,16.02268493,2456.952121,1209.071043,1435.136054,501.6015024,178.6716791,257.4186839,1914.761479,5311.83571,156.763726,285.0926986,30.22267119,51.46293151,52.13566478,588.0736132,1847.961492,101.0560935,157.4583562,898.1611369,139.2926939,17.69061265,215.2315019,83.5627726,215.2537337,734.2017302,32.93010959,233.1149115,596.8554465,318.0765753,119.5948129,35.28568575,357.7510685,146.4820227,329.4193425,429.6000269,337.769743,73.22506849,219.8084384,2543.547542,1809.604108,736.2780548,74.55313262,50.30422482,478.3116741,2316.763315,1490.890224,73.50858493,349.1558882,264.2436986,972.1527198,845.8878382,2561.260407,22156.3197,3195.029707,16440.9618,5455.565595,23644.97708,4784.174351,78238.28865,36.58677534,655.2392055,96.37923288,282.2832877,413.0692603,1710.264715,19624.70245,0,133.380137,602.7427397,205.0071781,425.3641007
2003,228.9378082,406.8709041,849.1561446,291.2459468,83.94479452,84.91478167,163.5372055,685.7909152,1794.202928,103.0819203,2228.238177,301.2963924,243.9393513,5781.168072,267.1327945,229.5726301,93.12876712,52.17682192,182.8871855,188.3195068,303.1078117,147.5127123,540.0951781,27.11090047,237.5225081,1943.806382,2632.047285,438.9873099,131.3061532,16.22885551,2526.14333,1229.786459,1456.374722,475.1333404,174.8973884,263.6275821,1900.458027,5417.619884,170.994137,333.7157263,30.65105241,49.7480274,55.87779608,620.2083774,1900.678999,111.3328671,158.4535808,901.0201484,147.551818,17.15318485,224.0266479,80.34283014,228.4765938,723.9428313,36.19734247,255.5390909,615.7360055,339.791726,127.1607289,36.73201082,320.1630685,139.3152909,328.5428767,439.932878,318.8278332,85.24906849,194.1743288,2652.551787,1909.589063,686.4170685,70.35975965,51.00776663,495.3232209,2337.40926,1534.330922,73.36473014,367.77563,257.0350137,1014.909195,939.8709643,2635.595867,23072.80862,3361.83965,16531.51232,5673.708174,23976.73201,4655.426035,79907.62267,35.09401918,644.5521096,109.6450685,295.3058356,453.9398356,1725.198419,19847.81483,0,144.9693151,506.5182466,219.9732061,421.8216635
2004,238.2651366,427.0809563,866.1943757,282.9845616,90.53303279,79.27817642,162.2476776,690.537677,1853.613918,100.376522,2308.590912,307.8961489,257.4065503,6737.611039,311.3934973,228.2560055,88.03044536,50.66210383,201.1056988,184.8315847,329.4159645,154.5646055,555.9545628,27.58633616,223.3444315,1954.914601,2597.088963,430.3707728,135.8357372,16.99608484,2598.057665,1307.501156,1495.561281,515.5532118,180.5082533,248.1857897,1844.434159,5269.6924,186.9255396,373.8161682,32.81856829,53.3399802,62.97559041,633.0821135,1975.24699,118.4275793,181.7129698,938.192523,148.1071947,17.44858274,217.7336005,78.16171585,227.7658488,723.0469238,39.97863388,277.1541126,653.3812678,339.6380874,135.7128714,36.73060068,324.5427049,152.6682076,336.2606162,469.017459,323.1069519,91.90256831,223.3929235,2619.436255,2055.954741,757.8776776,66.76781731,52.34552365,512.6261649,2294.097702,1571.73165,72.88463634,351.48006,255.0115574,1060.530106,1000.759829,2753.909855,24288.39837,3354.335292,16654.19994,5997.959886,24782.5,4823.158389,82654.46174,38.20635519,662.0360109,109.3669399,310.0726776,485.4431421,1759.966421,20498.6621,0,145.8472131,544.705847,262.7616373,441.1387892
2005,249.2523651,451.2291301,867.2650944,281.7240727,106.2394795,79.92602381,151.7169589,689.678544,1894.236398,109.1840685,2290.226071,307.5513519,266.1302081,6878.046904,283.1323014,236.8453666,91.44059452,56.64958904,210.1053469,186.7318704,345.0467071,169.1541444,616.5781757,28.03605097,231.5902225,1931.785608,2549.928999,436.4959405,157.6691298,17.36251772,2656.347956,1302.613482,1651.05664,496.6928681,190.6674942,256.9580364,1793.816284,5353.888447,190.9733963,410.6222896,34.70881662,57.05895903,64.73783147,637.325194,2017.377751,110.0325704,196.8816529,990.4909856,152.0263893,18.02424735,216.2169492,87.49853699,223.0749065,731.2793663,43.25020573,289.7178079,734.6634932,364.2405726,134.3077047,38.50659507,309.8318972,154.1273597,313.8671506,485.5340133,332.0297202,109.3787872,217.5801096,2647.332235,2203.220259,796.0397808,79.84939818,53.34406204,517.6390985,2312.059562,1587.658973,82.53084044,354.6207714,259.9010859,1056.71748,1013.290848,2899.446651,24575.54822,3351.643509,16788.22888,6452.007377,24839.1435,4985.159876,83891.17801,34.51429863,657.7125205,108.9747945,295.6562466,501.9164658,1830.520053,20531.53968,0,103.1564384,605.7845479,257.5639591,461.2689141
2006,257.552726,473.8517855,933.5955388,281.9436857,96.1006137,80.62885942,176.8379178,684.331087,1939.181878,112.3851019,2278.659995,323.8758455,293.4898,7402.37046,303.069304,233.9776586,93.16305205,56.04813699,206.3973381,189.5386266,365.9963443,179.6538828,601.2320961,29.16792208,224.7034401,1924.580606,2541.800938,459.2808342,167.893585,17.61774917,2791.089443,1244.665928,1800.990357,506.7566154,190.9703707,247.7173618,1786.776061,5173.611184,205.8626093,377.6323872,32.88583903,57.44918348,61.49060105,659.4201789,2008.086363,125.4980882,201.1128297,981.4507267,153.6580291,18.90366868,220.6303034,91.84432877,232.4902719,738.0151406,47.29090873,298.090662,745.731823,376.8813836,134.442546,39.33564288,353.8386484,146.7254001,283.2204574,527.1693136,296.2134162,137.8674027,213.9591781,2762.369685,2274.00747,847.6414409,70.85511319,55.56380964,527.5562473,2320.141096,1598.381121,85.97494296,356.4660387,266.0192645,1056.374005,1006.648138,2925.085843,25182.3144,3496.813515,16821.73122,6721.999033,24599.56078,5168.492954,84915.99774,37.70318082,680.8502192,105.3368493,308.3300822,539.4512877,1810.424142,20312.81442,0,103.0149315,667.5758356,253.8764744,429.9204848
2007,285.9807717,527.7525443,925.1275465,265.1985342,91.07149041,76.21107712,162.9857534,689.395325,2015.450232,110.7539187,2345.400777,343.6174754,377.1026562,7777.5793,321.9474714,231.764591,95.3465482,57.04460876,204.8022466,190.6316155,376.596301,182.7494543,641.5728803,31.18625628,226.9919971,1875.994064,2304.831051,465.3638322,167.4008294,17.65890351,2996.957311,1318.494713,1837.725744,489.6878063,194.421583,262.0392248,1736.408225,5013.321092,226.9445591,382.9919936,35.71808644,57.00054957,59.86542938,700.7861195,2088.873899,141.9038289,211.1901562,1025.722979,155.1523782,20.57163456,219.7590831,90.09687671,249.3871868,712.1708666,56.44149196,313.696253,779.2346175,348.9455041,144.2986247,40.88976493,384.0402856,155.5004221,294.3710321,545.3360751,301.4570858,148.2071178,217.2810487,2780.19115,2406.642445,921.4314778,74.90585249,54.87045499,539.2215328,2398.952986,1605.940059,91.31157222,353.2776354,240.6638323,1115.339726,1025.99384,3029.612444,26049.60749,3523.11176,16508.76897,6972.775798,24642.54347,5373.213973,86099.6339,42.51507945,695.0575616,111.1460274,308.0940795,576.1499726,1746.121732,20208.26879,0,94.33128767,640.2920274,283.202369,443.3117039
2008,308.6616298,540.0921111,920.758979,262.2000484,74.32696448,77.11500486,159.7881148,725.9293822,2096.187872,106.3022883,2299.99709,342.817084,389.9331824,7904.189483,291.6350444,248.0259886,90.83018027,58.01354494,205.7558743,186.4399703,385.2489871,188.0743925,685.6303383,29.54090811,222.1998602,1831.917581,2434.256298,438.8422526,159.3279464,16.31817222,3132.217186,1286.470054,1927.107778,480.5602205,185.7231973,254.3284095,1644.882963,4846.439261,238.1024935,405.8294902,34.82896449,61.18200146,60.13581494,671.9260853,2080.436643,162.0312727,231.0796858,971.9777224,155.8559199,18.73951443,216.4198501,122.5544262,244.6412535,688.2423129,60.42940403,314.115049,798.1136966,362.936765,158.7336802,44.79137158,389.2875962,172.8867108,281.5166571,555.4669772,289.6208036,177.9177295,213.7183863,2860.946753,2622.086495,973.3203699,80.28582403,63.20428081,510.9180153,2308.407978,1544.397077,82.76141142,330.7680888,255.4257114,1009.593493,1003.331297,3195.71598,25879.22737,3599.817528,16296.6903,7391.297153,23221.16574,5586.223103,85170.13717,45.14050546,685.1209836,113.5956284,298.9289754,602.7989071,1703.873813,18840.732,0,92.6281694,716.0892623,299.7602964,504.417914
2009,326.5250411,532.2228912,915.5222521,249.5598153,72.56410685,72.34494715,181.418274,668.3652672,2077.66976,96.50540873,2183.08494,341.9873788,383.4917385,8240.408935,331.593213,229.5489607,88.72220373,57.07411852,199.0892055,169.0558104,404.1245753,190.666616,724.6578306,26.68030181,209.2558573,1761.712581,2338.871716,416.9238002,149.0729921,15.17322612,3298.344921,1316.50295,1919.787542,535.7771861,164.2387054,232.3020674,1536.331197,4389.263001,199.9941578,454.9745682,31.67719604,52.34845188,56.45856466,678.2010857,2021.321154,181.7693581,234.4974407,935.469408,150.2733122,19.53850024,219.5601158,118.9980822,265.4743503,645.7273362,63.67494548,314.9344919,776.3638181,386.9084384,169.855844,45.58845753,414.9590634,178.4380232,294.2741819,550.165576,268.8266005,173.0738795,191.6376528,2774.650169,2913.554646,1049.2466,76.2490038,54.08121005,506.5086423,2338.986247,1448.815207,87.22332816,317.2261561,259.704127,1021.643653,1058.38833,3321.528113,26227.90646,3487.268393,15561.38264,7730.382036,22234.8755,5519.364059,84082.7072,43.52318082,708.9375342,106.2294521,282.3731726,605.5502466,1626.747464,18030.46941,0,88.73728767,726.2323288,305.2560861,510.9483293
2010,326.9479452,581.8054948,906.693863,262.373476,72.19833973,80.63785403,149.1069863,691.4610183,2271.41358,85.68121128,2332.643509,346.7726561,342.6394997,9389.606271,358.9849166,255.7907646,76.33793699,55.45852055,188.5239178,170.2729396,420.1666921,220.3308327,765.8140407,27.55856157,219.2192384,1703.336544,2372.844658,379.750815,141.2755467,14.54333764,3378.134461,1411.139261,1788.442955,570.0641921,155.8641638,240.6204595,1499.564658,4434.239918,210.5358913,478.1600304,35.7203682,53.90461918,59.0283242,687.6669904,2039.738801,197.9626994,258.0928048,957.4790422,150.0025599,18.93838951,230.6282724,135.4524384,308.4255698,634.1378678,62.70498737,318.5106944,724.1082148,390.7612466,181.1734155,47.37078356,411.2030753,186.0581932,306.8800807,577.4030203,264.8762965,190.576353,180.9653699,2877.820781,3205.641413,1156.736274,79.05996919,54.41504498,538.3880534,2370.091068,1412.511491,87.0254919,315.3620433,241.5325421,1043.414895,1104.157907,3488.600116,27917.33207,3565.916081,15409.3612,7987.054494,22696.76603,5790.575113,86855.60512,45.03434247,693.5010137,117.9220548,267.2064055,653.9884384,1604.251755,18324.38372,0,75.6270411,725.4184658,332.2916164,543.0958502
2011,349.4717808,591.2905766,958.8949689,245.3569583,88.59913699,103.6811515,171.8806301,648.8563942,2431.729878,81.53699797,2396.54876,366.1532924,371.0099207,9738.76722,360.2754206,274.2295801,72.47363562,54.62520548,193.668856,164.7737304,443.1288765,226.0078917,720.1988177,26.78013602,208.5032036,1666.468321,2293.598959,359.2790701,150.9817011,14.35757589,3541.504981,1588.546285,1822.878348,629.2234612,145.0225639,254.3397567,1443.347772,4434.585971,242.6980472,452.6511198,32.90789338,52.19879726,60.21976512,723.6975689,2065.143677,217.4585481,274.5958707,961.9980412,154.2651827,19.54985979,223.8902032,146.1225753,320.1015178,631.1574954,65.08441712,319.7285709,712.4335927,262.4695288,175.6426084,48.89456438,414.2739974,214.6746675,291.9826624,574.2580066,249.1629782,245.718467,186.1187123,3073.755173,3294.622038,1208.10066,76.37257534,54.15054787,541.6152607,2394.080603,1342.985387,91.68860409,294.9690274,234.2933144,950.4471109,1166.111032,3405.242387,28802.38724,3837.613459,14976.10807,8292.655389,22444.90901,6061.325188,87820.24074,42.22716712,672.3382466,124.6338356,278.0781507,734.6660304,1573.256913,17983.21658,0,70.96221918,737.2021096,361.3823014,547.4091391
2012,369.8407377,613.8916322,991.0609267,245.2625552,92.05448907,109.7658584,210.3785519,630.5815806,2509.386298,84.71937116,2329.517932,369.1694708,375.6049307,10170.04571,344.1994852,294.3352838,64.99182787,51.06092896,191.3521982,152.8579305,449.5743322,232.8412617,746.9427371,31.51419249,199.8829499,1609.85276,2276.325437,318.4238331,138.8343753,14.17989029,3739.988812,1639.343305,1859.248557,665.7609725,137.3431444,294.857323,1350.292085,4694.298399,245.0491845,498.8050792,32.86925592,53.0965847,57.93929579,756.9213272,2082.999487,227.6302501,276.8283773,916.4017545,151.4779976,18.80660088,221.3133175,157.3286339,332.7222384,617.2887874,74.5732635,299.6937283,675.5254442,330.4636016,182.067711,50.32520038,402.2881235,206.9876369,300.7656746,552.1959613,225.087048,257.2968224,186.3693443,3119.340666,3459.874229,1202.191609,71.73412568,52.83077184,551.9131619,2458.176011,1251.27786,95.38768525,292.2025773,237.779323,949.6060874,1224.964627,3575.252546,29934.64165,3934.274817,14458.18781,8641.979723,22006.238,6233.688856,88784.2634,39.98404098,701.8669399,129.3892077,267.4113224,773.2826619,1521.836934,17593.72058,0,63.48945355,792.1318033,371.43777,571.734148
2013,387.4057808,657.6320154,1011.666681,253.3117507,100.7533644,107.6583233,143.2430685,650.5733029,2655.465091,78.86977569,2345.336638,372.1298208,362.4761548,10667.7602,351.5663742,296.5875774,63.0491863,45.67816438,183.4312307,152.4484703,484.2047304,247.259788,755.8616425,30.97636162,215.0246964,1596.737128,2336.157753,300.2419485,138.5964294,14.85050987,3780.505313,1662.306136,2019.504827,716.0407397,138.9721178,222.6165825,1245.725547,4507.575828,260.4468248,516.9446502,33.38123289,51.81053425,57.10309055,801.642423,2034.163494,253.8024282,281.7932583,889.3858893,153.060404,18.5861014,226.4162632,178.2465753,356.9583603,594.7535496,78.14917025,297.5641797,623.609084,347.2209523,184.6007041,53.8922416,441.9035931,219.165307,316.4258317,519.6169107,235.3231603,287.320074,169.8372329,3133.730818,3451.480439,1217.472187,72.30660274,50.02099841,560.525317,2455.414082,1180.585467,82.03374373,291.77853,248.8650922,981.1391262,1266.639558,3711.621125,30559.54271,3913.793575,14295.59944,8867.91295,22385.3451,6417.729856,90151.54476,45.20454521,748.0284384,137.370137,255.5143233,852.1499783,1504.83102,18005.84497,0,60.10019178,782.4553021,397.8145483,586.914774
2014,400.6059452,642.8369197,1020.678503,243.1314674,99.29695906,120.3981055,162.8169918,648.541307,2721.187982,84.29865272,2386.792135,386.4443295,353.0863675,11134.18273,335.7252432,315.2499736,65.40538082,45.47339726,194.1532377,153.2518743,501.1922018,260.1073034,806.3996569,28.98551575,203.7822907,1543.329488,2272.665479,298.4939143,153.9795486,15.55845571,3905.903796,1679.950194,1901.193938,681.2867854,138.1341687,213.6297627,1179.948734,4292.444683,261.8903567,455.2090294,33.64555852,51.01497534,55.0814366,802.3722282,1959.694886,273.249796,271.8501373,856.1299748,156.0820798,18.5494126,214.2434412,184.6824658,387.7921523,581.8258341,75.64571083,296.5669992,619.4137304,357.4053671,181.9899327,55.38835765,457.9473822,216.4769456,335.8139934,520.8728011,235.1580715,293.9001598,183.5061644,3297.778302,3764.052566,1258.953364,67.38169863,49.35071052,554.6232261,2454.287233,1175.927294,70.59459608,285.8073561,223.6238178,1012.640499,1270.257079,3772.639473,31105.10819,4097.341005,14031.97374,8993.058044,22482.70524,6420.082023,90902.90771,40.86330411,770.9878904,143.2779452,219.1876138,879.6896058,1505.805609,18136.21822,0,56.63473973,720.0131305,409.0843273,551.9247843
2015,424.976137,662.4208457,985.2998403,242.1421306,99.53091043,127.4797323,138.5230223,669.1195991,2559.264608,94.57156124,2346.753193,419.434545,355.4731352,11911.16977,367.3922056,331.3001346,67.9052,46.46547907,188.5706943,155.2471726,547.558201,253.7408991,834.2015503,29.17607403,201.9871123,1544.866215,2269.128603,309.2645859,163.8056887,16.96879946,4230.43309,1558.200275,1713.29616,683.1926523,144.0662204,226.2791223,1227.311669,4137.957922,295.0069643,471.2943715,35.28871402,55.41914521,54.1531166,750.777395,1939.288594,265.923623,267.7937487,825.6041699,162.7238376,19.93085666,219.265144,184.0421918,424.7696426,603.3649116,78.37884642,306.5647288,536.9753158,317.8777503,193.8555923,58.00046591,505.3006481,237.3333711,384.4563468,542.3743901,238.2729676,332.1160749,186.3793973,3142.884038,3882.981136,1328.243034,73.00219178,48.74554225,578.4218561,2577.084658,1218.792402,89.56213877,279.6137932,226.2230062,1021.235455,1329.656216,3859.113005,32343.86482,3951.618028,14360.49148,8987.209124,22809.7207,6298.111447,92610.12861,44.90226575,914.7154473,144.6013699,193.1065281,957.0320994,1552.443137,18523.67892,0,52.69287671,637.0211387,452.1226162,564.3596725
2016,412.2228415,650.5083892,991.9988754,249.8448032,97.8504038,138.1885474,135.852563,674.3281784,2436.209409,95.3196817,2393.32596,434.2926394,377.0229636,12248.25655,380.0856436,342.9160245,68.20887432,50.52567432,174.5954481,152.771322,569.7448646,239.1189784,856.8903518,28.59514952,216.6020069,1529.439955,2307.498743,310.5211365,161.099997,18.70727416,4631.808364,1572.259557,1764.489442,760.2674864,149.7354754,230.4662383,1236.479444,4006.218378,305.3224546,482.3313242,36.30282093,59.92838251,53.97135874,838.8264595,1950.178577,255.4790655,274.6529235,843.487496,166.316294,22.14297377,209.6396699,186.9304098,436.5420345,620.1938386,85.92975178,327.3826105,515.9807258,292.4072118,200.9795376,59.17237682,566.0165003,249.7115099,413.3536877,593.9606335,233.761499,347.0617226,195.4642623,3219.156889,3874.80925,1371.957254,75.70434426,51.92060389,545.9134379,2770.872787,1262.142317,105.1768097,291.0872081,213.6213761,1046.137399,1364.376883,3893.836503,33518.53982,4035.62433,14668.55167,9190.647088,22961.14531,6135.632143,94403.97687,47.34634699,973.2164547,142.8918033,203.7016997,1028.310489,1596.842794,18617.64078,0,48.62046448,537.3325053,470.1477927,627.3534294
2017,407.4447397,636.8671711,1033.957058,253.6576497,99.40341164,155.6293022,136.4146665,684.644475,2480.679458,99.24249146,2393.007348,442.7731643,363.7414539,12842.30052,427.8280559,338.0438482,72.90003836,52.33847,209.4685246,153.5877453,605.8563831,236.6729545,803.9755879,29.90911732,206.8579904,1539.29148,2374.479957,320.0342955,172.7831397,20.94114765,4860.4078,1660.037913,1807.897691,723.7307806,149.4069916,254.9643681,1249.333012,3970.860734,317.2420144,440.0324939,37.22540648,62.38849589,56.65405696,802.7835239,1883.227421,231.7303768,290.3407671,818.0865755,174.1587949,21.32417298,211.1029811,242.9561597,454.1542427,611.8355958,82.40909294,343.1426874,524.0797965,302.5759848,212.5302273,61.20880547,588.6159738,247.9952711,444.8367577,646.4316164,243.0638375,312.1821979,205.7207123,3194.718448,3838.359379,1405.423346,85.52712329,53.26934388,545.6297619,2801.327671,1270.000189,113.6240569,288.5878604,219.3053012,1038.449438,1407.141326,3937.845975,34668.93013,4020.616981,14991.28811,9156.42864,23159.57167,6077.910063,96012.59157,43.91404916,1021.896374,143.670807,208.4584789,1012.225773,1610.226373,18883.3369,0,46.75854083,462.8568696,487.393619,689.0835685
2018,417.4209589,611.0413814,1054.441697,257.6828965,104.1329678,178.087269,147.3696799,702.1945986,2376.581611,99.13068307,2443.311147,443.9656984,374.1405535,13374.83277,434.6118057,340.81551,70.7557863,51.69584192,211.6061746,155.2778211,626.3990316,254.6336173,756.6180927,29.69417341,206.5584536,1537.636041,2259.738307,315.6410343,184.2113977,22.1774757,5111.769279,1724.358392,1834.787005,704.5990411,155.2590807,249.7812333,1276.872223,3854.539719,339.7449356,434.1814702,34.64445883,65.63375342,59.95726485,812.5350537,1821.227248,234.9183833,286.1094984,843.5145181,174.8372348,20.54584766,222.4187593,283.9611937,474.3641107,629.0555541,90.71517644,341.8785604,515.3652797,318.4818271,214.9331138,62.20129542,498.1968731,256.8768619,449.5770145,662.5449782,233.1940294,324.9140879,211.6599818,3281.524332,3768.873949,1430.859029,87.0239726,54.72915301,556.8921514,2781.19326,1296.901714,114.049101,275.9997028,211.5430991,1049.583257,1432.284874,3986.013066,35456.51328,4157.469577,14936.38169,9173.726818,23692.18092,5946.094664,97348.38002,41.62076768,987.199612,148.8192599,206.82082,1057.263559,1584.039476,19427.64252,0,45.16322563,402.4299943,506.3925442,726.9718275
2019,453.9629315,599.0551034,1046.12884,262.962054,108.3834933,170.8897264,151.4072507,682.9653672,2397.533018,104.2953566,2402.541314,459.3554039,381.1568862,14055.51554,408.4947794,346.7489263,68.45039723,51.57152249,213.3790505,159.1740419,644.759723,248.5559932,743.1879766,30.77245697,192.6124126,1530.333609,2281.053079,328.002387,185.579597,19.36159847,5270.734037,1732.492074,2018.245603,716.2856286,155.7148016,254.0969129,1217.777212,3812.020799,352.5184104,426.5946416,37.76924878,65.69810959,60.97741227,829.3030817,1733.349597,240.440878,294.0453989,825.0851664,175.6549697,22.2150969,206.5680772,295.236469,506.3716179,614.729176,92.51409282,346.4839542,528.9204048,332.2445591,219.7239654,62.61986295,445.8644359,261.8716735,457.9781327,670.3973791,249.7941603,346.4319254,223.5640638,3316.78962,3787.568208,1404.483326,83.07688806,51.36587788,569.4419229,2759.841479,1297.999429,122.6157392,283.3906117,216.1978295,998.0102776,1453.2886,4096.424039,36178.14495,4227.09867,14895.96146,9415.721334,23535.85465,5923.252555,98272.45767,38.75525581,1004.791007,161.8281958,221.8444228,1042.34154,1544.737787,19399.96374,0,43.65760729,355.7671536,528.4574961,755.7207861
