Year,Afghanistan,Albania,Algeria,American Samoa,Andorra,Angola,Antigua and Barbuda,Arab World,Argentina,Armenia,Aruba,Australia,Austria,Azerbaijan,"Bahamas, The",Bahrain,Bangladesh,Barbados,Belarus,Belgium,Belize,Benin,Bermuda,Bhutan,Bolivia,Bosnia and Herzegovina,Botswana,Brazil,British Virgin Islands,Brunei Darussalam,Bulgaria,Burkina Faso,Burundi,Cabo Verde,Cambodia,Cameroon,Canada,Caribbean small states,Cayman Islands,Central African Republic,Central Europe and the Baltics,Chad,Channel Islands,Chile,China,Colombia,Comoros,"Congo, Dem. Rep.","Congo, Rep.",Costa Rica,Cote d'Ivoire,Croatia,Cuba,Curacao,Cyprus,Czech Republic,Denmark,Djibouti,Dominica,Dominican Republic,Early-demographic dividend,East Asia & Pacific,East Asia & Pacific (excluding high income),East Asia & Pacific (IDA & IBRD countries),Ecuador,"Egypt, Arab Rep.",El Salvador,Equatorial Guinea,Eritrea,Estonia,Eswatini,Ethiopia,Euro area,Europe & Central Asia,Europe & Central Asia (excluding high income),Europe & Central Asia (IDA & IBRD countries),European Union,Faroe Islands,Fiji,Finland,Fragile and conflict affected situations,France,French Polynesia,Gabon,"Gambia, The",Georgia,Germany,Ghana,Gibraltar,Greece,Greenland,Grenada,Guam,Guatemala,Guinea,Guinea-Bissau,Guyana,Haiti,Heavily indebted poor countries (HIPC),High income,Honduras,"Hong Kong SAR, China",Hungary,IBRD only,Iceland,IDA & IBRD total,IDA blend,IDA only,IDA total,India,Indonesia,"Iran, Islamic Rep.",Iraq,Ireland,Isle of Man,Israel,Italy,Jamaica,Japan,Jordan,Kazakhstan,Kenya,Kiribati,"Korea, Dem. People’s Rep.","Korea, Rep.",Kosovo,Kuwait,Kyrgyz Republic,Lao PDR,Late-demographic dividend,Latin America & Caribbean,Latin America & Caribbean (excluding high income),Latin America & the Caribbean (IDA & IBRD countries),Latvia,Least developed countries: UN classification,Lebanon,Lesotho,Liberia,Libya,Liechtenstein,Lithuania,Low & middle income,Low income,Lower middle income,Luxembourg,"Macao SAR, China",Madagascar,Malawi,Malaysia,Maldives,Mali,Malta,Marshall Islands,Mauritania,Mauritius,Mexico,"Micronesia, Fed. Sts.",Middle East & North Africa,Middle East & North Africa (excluding high income),Middle East & North Africa (IDA & IBRD countries),Middle income,Moldova,Monaco,Mongolia,Montenegro,Morocco,Mozambique,Myanmar,Namibia,Nauru,Nepal,Netherlands,New Caledonia,New Zealand,Nicaragua,Niger,Nigeria,North America,North Macedonia,Northern Mariana Islands,Norway,Not classified,OECD members,Oman,Other small states,Pacific island small states,Pakistan,Palau,Panama,Papua New Guinea,Paraguay,Peru,Philippines,Poland,Portugal,Post-demographic dividend,Pre-demographic dividend,Puerto Rico,Qatar,Romania,Russian Federation,Rwanda,Samoa,San Marino,Sao Tome and Principe,Saudi Arabia,Senegal,Serbia,Seychelles,Sierra Leone,Singapore,Sint Maarten (Dutch part),Slovak Republic,Slovenia,Small states,Solomon Islands,Somalia,South Africa,South Asia,South Asia (IDA & IBRD),South Sudan,Spain,Sri Lanka,St. Kitts and Nevis,St. Lucia,St. Martin (French part),St. Vincent and the Grenadines,Sub-Saharan Africa,Sub-Saharan Africa (excluding high income),Sub-Saharan Africa (IDA & IBRD countries),Sudan,Suriname,Sweden,Switzerland,Syrian Arab Republic,Tajikistan,Tanzania,Thailand,Timor-Leste,Togo,Tonga,Trinidad and Tobago,Tunisia,Turkey,Turkmenistan,Turks and Caicos Islands,Tuvalu,Uganda,Ukraine,United Arab Emirates,United Kingdom,United States,Upper middle income,Uruguay,Uzbekistan,Vanuatu,"Venezuela, RB",Vietnam,Virgin Islands (U.S.),West Bank and Gaza,World,"Yemen, Rep.",Zambia,Zimbabwe
1965,,,,,,,,,,,,,,,,,,,,,,,,,,,,,,,,,,,,,,,,,,,,,,,,,,,,,,,,,,,,,,,,,,,,,,,,,,,,,,,,,,,,,,,,,,,,,,,,,,,,,,,,,,,,,,,,,,,,,,,,,,,,,,,,,,,,,,,,,,,,,,,,,,,,,,,,,,,,,,,,,,,,,,,,,,,,,,,,,,,,,,,,,,,,,,,,,,,,,,,,,,,,,,,,,,,,,,,,,,,,,,,,,,,,,,,,,,,,,,,,,,,,,,,,,,,,,,,,,,,,,,,,
1966,,,,,,,,,,,,,,,,,,,,,,,,,,,,,,,,,,,,,,,,,,,,,,,,,,,,,,,,,,,,,,,,,,,,,,,,,,,,,,,,,,,,,,,,,,,,,,,,,,,,,,,,,,,,,,,,,,,,,,,,,,,,,,,,,,,,,,,,,,,,,,,,,,,,,,,,,,,,,,,,,,,,,,,,,,,,,,,,,,,,,,,,,,,,,,,,,,,,,,,,,,,,,,,,,,,,,,,,,,,,,,,,,,,,,,,,,,,,,,,,,,,,,,,,,,,,,,,,,,,,,,,,
1967,,,,,,,,,,,,,,,,,,,,,,,,,,,,,,,,,,,,,,,,,,,,,,,,,,,,,,,,,,,,,,,,,,,,,,,,,,,,,,,,,,,,,,,,,,,,,,,,,,,,,,,,,,,,,,,,,,,,,,,,,,,,,,,,,,,,,,,,,,,,,,,,,,,,,,,,,,,,,,,,,,,,,,,,,,,,,,,,,,,,,,,,,,,,,,,,,,,,,,,,,,,,,,,,,,,,,,,,,,,,,,,,,,,,,,,,,,,,,,,,,,,,,,,,,,,,,,,,,,,,,,,,
1968,,,,,,,,,,,,,,,,,,,,,,,,,,,,,,,,,,,,,,,,,,,,,,,,,,,,,,,,,,,,,,,,,,,,,,,,,,,,,,,,,,,,,,,,,,,,,,,,,,,,,,,,,,,,,,,,,,,,,,,,,,,,,,,,,,,,,,,,,,,,,,,,,,,,,,,,,,,,,,,,,,,,,,,,,,,,,,,,,,,,,,,,,,,,,,,,,,,,,,,,,,,,,,,,,,,,,,,,,,,,,,,,,,,,,,,,,,,,,,,,,,,,,,,,,,,,,,,,,,,,,,,,
1969,,,,,,,,,,,,,,,,,,,,,,,,,,,,,,,,,,,,,,,,,,,,,,,,,,,,,,,,,,,,,,,,,,,,,,,,,,,,,,,,,,,,,,,,,,,,,,,,,,,,,,,,,,,,,,,,,,,,,,,,,,,,,,,,,,,,,,,,,,,,,,,,,,,,,,,,,,,,,,,,,,,,,,,,,,,,,,,,,,,,,,,,,,,,,,,,,,,,,,,,,,,,,,,,,,,,,,,,,,,,,,,,,,,,,,,,,,,,,,,,,,,,,,,,,,,,,,,,,,,,,,,,
1970,,,,,,,,,,,,,,,,,,,,,,,,,,,,,,,,,,,,,,,,,,,,,,,,,,,,,,,,,,,,,,,,,,,,,,,,,,,,,,,,,,,,,,,,,,,,,,,,,,,,,,,,,,,,,,,,,,,,,,,,,,,,,,,,,,,,,,,,,,,,,,,,,,,,,,,,,,,,,,,,,,,,,,,,,,,,,,,,,,,,,,,,,,,,,,,,,,,,,,,,,,,,,,,,,,,,,,,,,,,,,,,,,,,,,,,,,,,,,,,,,,,,,,,,,,,,,,,,,,,,,,,,
1971,,,,,,,,,,,,,,,,,,,,,,,,,,,,,,,,,,,,,,,,,,,,,,,,,,,,,,,,,,,,,,,,,,,,,,,,,,,,,,,,,,,,,,,,,,,,,,,,,,,,,,,,,,,,,,,,,,,,,,,,,,,,,,,,,,,,,,,,,,,,,,,,,,,,,,,,,,,,,,,,,,,,,,,,,,,,,,,,,,,,,,,,,,,,,,,,,,,,,,,,,,,,,,,,,,,,,,,,,,,,,,,,,,,,,,,,,,,,,,,,,,,,,,,,,,,,,,,,,,,,,,,,
1972,,,,,,,,,,,,21.89941675,28.20261667,,,,,,,,,,,,,,,,,,,,,,,,,,,,,,,,,,,,,37.3015873,,,,,23.87774594,,43.40091099,,,19.2992533,,,,,,,,,,,,,,,,,,,,48.51023018,,38.8256441,,,,,28.33061185,,,38.92780993,,,,,,,,,,,34.3385214,,,,35.7622739,,,,,,22.51552795,6.552795031,,33.09352518,,20,,,23.00893458,,,,,,41.85441941,,19.90131579,,,,,,,,,,,,,,,,,,23.38064288,,,,,,,11.91176471,,,,32.75862069,,,,,,,,,,,,,,,,,,20.69126576,,,,7.143858993,,,46.33728096,,32.75862069,,,,,,,,,32.69230769,,,,,,,,,,,,,,,,,,,17.38885763,,,,,,,23.67223065,,,,,,,,,,,,,,,34.33127727,23.06448014,,,,45.13983166,,,,,31.80952381,32.91139241,,,,,,,28.13865013,7.143858993,,25.27075812,,,,,,,,,,
1973,,,,,,,,,,,,22.12361985,29.76190476,,,,,,,,,,,,,,,,,,,,13.37147701,,,,,,,,,,,31.5625,,,,,,40.12345679,,,,,27.72342895,,45.80910316,,,18.34196891,,,,,,,,,,,,,33.7836863,,,,,,,46.1404408,,37.88951462,,,,,26.59126558,,,37.69518543,,,,,,,,,,30.66220238,32.67162945,,,,33.4150613,,,,,,20.49019608,5.12244898,,33.72921615,,15.78947368,33.83815644,,19.00872994,,,,,,45.54074074,,19.16426513,,,,,,,,,,,,,,,,,,22.87251445,,,,,,,8.59524223,,,26.14821076,36.76470588,,,,,,,,,,,,32.54593176,,,,23.16757317,,19.1926885,,,,6.579486759,,,44.02778101,,32.13875422,,,,,,,,,32.69230769,,,,28.54364256,,,,,,,,,,,,,,,17.57518797,,,,,,,21.33811231,,,,,,,,,,,,,,,35.0070922,21.0269174,,,,45.36914277,,,,,31.84604905,32.71500843,,,,,,,27.32538036,6.579486759,,34,,,,,,,,,,
1974,,,,,,,,,,,,21.68448543,28.32568202,,,1.021276596,,,,,,,,,,,,,,,,,13.73276776,,,,,,,,,,,31.71206226,,,,,,32.24489796,,,,,24.16557592,,41.1137705,,,16.75015027,,,,,,,,,,,,,32.8505088,,,,,,,43.99881792,,35.60655738,,,,,24.60439392,,,34.98469246,,,,,,,,,,30.01012135,29.13669065,,,,41.83919114,,,,,44.07226691,12.60229133,2.319388971,,31.69456067,,19.23076923,34.00645692,,18.38929532,,,,,,47.14424951,,11.01321586,,,,,,,,,,,,,,,,,,19.60047756,,,,,,,8.006912442,,,25.17938682,40,,,,,,,,,,,,34.48787729,,,,21.29082599,,17.33418776,,,,5.990202435,,,42.41682476,,31.62940324,,,,,,,,,35.82089552,,,,26.99420316,,,,,,,,,,,,,,,16.11905682,,,,,,,17.83339851,,,,,,,,,,,,,,,33.32912192,19.82591876,,,,45.50433954,,,,,27.0096463,31.56424581,,,,,,,25.66272431,5.990202435,,38.72387239,,,,,,,,,,
1975,,,,,,,,,,,,19.06154629,27.26166723,,,1.550387597,,,,,,,,,,,,,,,,,14.12113807,,,,,,,,,,,31.07779579,,,,,,31.02310231,,,,,19.85932356,,43.00693411,,,16.14788835,,,,,,11.18568233,,,,,,,30.16720222,,,,,,,42.51521717,,34.4887684,,,,,24.53936042,,,36.32464349,,,,,,,,,,28.10867294,27.7651638,,,,48.50630288,,,,,42.67407091,12.7826087,2.747725596,,30.6038048,,16.66666667,30.16720222,,21.52484683,,,,,,48.64690722,,,,,,,,,,,,,,,,,,,,21.52397749,,,,,,,6.594369591,,,20.06647279,43.28358209,,,,,,,,,,,,34.3547691,,,,20.93135364,,20.16590389,,,,5.626993108,,,43.71736673,,30.14705882,,,,,,,,,35.95505618,,,28.10867294,27.26166723,,,,,,,,,,,,,,,14.52638271,,,,,,,19.77287909,,,,,,,,,,,,,,,30.40973111,18.67157822,,,,44.20034471,,,,,26.0852329,30.14705882,,,,,,,24.53762755,5.626993108,,48.18241904,,,,,,,,,,
1976,,,,,,,,,,,,20.66638325,28.05469784,,,2.249598286,,,,,,,,,,,,,,,,,11.772377,,,,,,,,,,,36.79949559,,,,,,30.95890411,,,,,18.29733164,,44.61945413,,,21.96110211,,,,,,11.75742574,,,,,,,29.82731554,,,,,,,40.04106214,,34.00764575,,,,,23.90563478,,,37.24794389,,,,,,,,,,28.05469784,26.92110656,,,,50.20327869,,,,,42.35677958,14.01617251,2.695574194,,31.12338858,,20.96774194,29.46204226,,23.55876165,,,,,,44.94382022,,,,,,,,,,,,,,,,,,,,20.32754653,,,,,,,6.524919536,,,15.28867051,38.82352941,,,,,,,,,,,,53.7920937,,,,21.37417357,,18.7514613,,20.84631786,,5.41053173,,,44.34765513,,29.46204226,,,,,,,,,41.22807018,,,29.82731554,27.9296875,,,,,,,,,,,,,,,14.69180132,,,,,,,22.13225371,,,,,,,,,,,,,,,27.9296875,18.07141874,,,,46.93766938,,,,,28.43229069,30.89770355,,,,,,,24.84821024,5.41053173,,43.66045845,,,,,,,,,,
1977,,,,,,,,,,,,19.39980989,27.24482569,,,2.273618189,,,,,,9.612362493,,,,,,,,,,,14.37735465,,,,,,,,,,,37.07057108,,,,,,32.80182232,,,,,16.65104948,,48.80756355,,,23.64069715,,,,,,10.81490457,,,,,,,30.3030303,,,,,,,43.92787697,,32.04577969,,,,,23.02973244,,,37.84469097,,,,,,,,,,27.57069728,27.15453974,,,,49.51292619,,,,,40.29592455,13.23610347,2.904829222,,31.19503363,,22.22222222,28.89377647,,22.51077586,,,,,,44.57794418,,1.237872198,,,,,,,,,,,,,,,,,,18.99728836,,,,,,,6.472831268,,,17.82304807,38.17427386,,,,,,,,,,,,52.48275862,,,,22.53214044,,17.94174757,,19.18233982,,4.678031833,,,46.33132489,,27.89656887,,,,,,,,,41.50943396,,,30.3030303,27.24482569,,,,,,,,,,,,,,,15.36090419,,,,,,,22.21344914,,,,,,,,,,,,,,,27.89656887,19.1340735,,,,47.62169414,,,,,30.43133524,27.12680578,,,,,,,25.20589467,4.678031833,,42.68292683,,,,,,,,,,
1978,,,,,,,,,,,,19.41106017,25.91289956,,,1.387367652,,,,,,10.44042724,,,,,,,,,,,16.72743847,,,,,,,,,,,36.20971403,,,,,,29.91304348,,,,,23.2459624,,49.32493165,,,23.93992933,,,,,,12.25516146,,,,,,,30.63477461,,,,,,,48.74474944,,32.84165406,,,,,23.65209989,,,37.80019488,,,,,,,,,,25.87213104,26.0065498,,,,46.36490738,,,,,42.67919914,13.70488808,4.00115141,,35.10638298,,24.30555556,25.35716624,,25.83136252,,,,,,42.88932419,,0.689655172,,,,,,,,,,,,,,,,,,18.7006787,,,,,,,4.997210489,,,21.3110769,35.71428571,,,,,,,,,,,,45.0909818,,,,22.77503305,,19.31657224,,20.81298877,,4.357010827,,,44.50827206,,25.91289956,,,,,,,,,46.3878327,,,30.63477461,25.83136252,,,,,,,,,,,,,,,15.8283671,,,,,,,25.69227334,,,,,,,,,,,,,,,29.19495635,19.52155843,,,,45.95042889,,,,,27.90136011,21.89430336,,,,,,,25.64135198,4.357010827,,42.24250326,,,,,,,,,,
1979,,,,,,,,,,,,22.25170584,26.0668429,,,1.873151495,,,,,,8.503631524,,,,,,,,,,,24.35249779,,,,,,,,,,,33.51424157,,,,,,28.48101266,,,,,27.48572265,,50.19903676,,,25.15370952,,,,,,15.95232638,,,,,,,30.34482759,,,,,,,50.86048746,,33.07504511,,,,,24.15391134,,,36.81784143,,,,,,,,,,26.13698766,25.82330589,,,,44.96230295,,,,,42.6070305,9.304964539,2.819432744,,32.03812317,,21.63934426,25.69694791,,24.72026095,,,,,,43.83370536,,0.63134779,,,,,,,,,,,,,,,,,,19.20265552,,,,,5.020920502,,,,,22.59520451,35.99088838,,,,,,,,,,,,41.97571927,,,,22.35012611,,18.56954419,,20.26921171,,3.794359625,,,42.18056931,,26.20713242,,,,,,,,,41.37931034,,,30.34482759,26.0668429,,,,,,,,,,,,,,,16.8405975,,,,,,,26.5328874,,,,,,,,,,,,,,,30.18550759,20.18622902,,,,46.40560315,,,,,25.58164017,20.57580028,,,,,,,26.20713242,3.794359625,,41.55511486,,,,,,,,,,
1980,,,,,,,,,,,,23.3736911,25.47985475,,,1.36863361,,,,,,,,,,,,,,,,,24.66684797,,,,,,,,,,,34.61098877,,,,,,31.0298103,,,,,22.80711859,,47.69912224,,,22.06364309,,,,,,,,,,,,,30.05633803,,,,,,,50.16637048,,31.48625812,,,,,23.1130635,,,33.33587452,,,,,,,,,,27.41030159,24.44533547,,,,48.58882802,,,,,41.39512135,8.639246589,4.027972028,,30.05633803,,20.51649928,26.35515379,,21.46703277,,,,,,45.94835263,,0.31810295,,,,,,,,,,,,,,,,,,20.62587618,,,,,5.438596491,,5.934050482,,,20.62117284,50.37147103,,,,,,,,,,,,39.64470088,,,,21.79789871,,18.47287511,,20.93762108,,4.41122591,,,39.33556174,,28.46544939,,,,,,,,,37.19332679,,,34.57249071,26.35515379,,,,,,,,,,,,,,,15.78947368,,,,,,,25.06598139,,,,,,,,,,,,,,,29.64390897,20.33716963,,,,46.26206327,,,,,23.48518355,20.93515286,,,,,,,28.46544939,4.41122591,,43.33885586,,,,,,,,,,
1981,,,,,,,,,,,,23.03442532,25.36997333,,,1.509504286,,,,,,,,,,,,,,,,,27.28628231,,,,,,,,,,,39.488126,,,,,,26.20215898,,,,,19.8750123,,47.14187328,,,26.08474749,,,,,,9.071329026,,,,,,,29.274904,,,,30.33370782,,,49.1375448,,30.51953095,,,,,22.75817775,,,34.54003762,,,,,,,,,,27.86251691,26.60550459,,38.31573896,,49.30321743,,,,,39.43360668,7.839860496,3.833550065,,29.274904,,20.75949367,25.7137351,,20.63150568,,,,,,44.75041012,,0.59955822,,,,,,,,,,,,,,,,,,21.19834195,,,,,6.766917293,,6.040643144,,,20.66570188,53.20366133,,,,,,,,,,,,37.57431629,,,,20.56808688,,19.09305427,,,,6.358336329,,,37.95467273,,28.56871046,,,,,,,,,41.30006566,,,32.86106999,26.78812601,,,,,,,,,,,,,,,13.82583045,,,,,,,27.31071473,,,,,,,,,,,,,,,30.14788469,20.73375149,,,,45.21571196,,,,,25.16312908,20.87287842,,,,,,,27.86251691,6.358336329,,43.90478811,,,,,,,,,,
1982,,,,,,,,,,,,22.03640881,25.4697286,,,1.96679899,,,,,,,,10.79180064,,,,,,,,,,,,,,,,,,,,42.73961444,,,,,,25.71931885,,,,,19.70339823,,46.02092571,,,33.37405326,,,,,,9.510750329,,,,,,,30.10522561,,,,30.3868374,,,49.72430934,,30.6684492,,,,,21.39541661,,,34.1104393,,,,,,,,,,28.57860979,,,40.8707545,,48.87338208,,,,,37.35393059,10.36285603,4.525071341,,30.10522561,,26.11431568,24.44104135,,20.24383587,,,,,,44.55696203,,0.842696629,,,,,,,,,,,,,,,,,,22.16649067,,,,,11.43847487,,5.552669852,,,20.84589505,57.30411687,,,,,,,,,,,,36.25478336,,,,19.84732824,,19.68047126,,,,5.478995164,,,37.752889,,29.08518396,,,,,,,,,47.08249497,,,33.76821416,27.0241692,,,,,,,,,,,,,,,14.21471173,,,,,,,29.03797073,,,,,,,,,,,,,,,29.08518396,20.60773756,,,,47.62723919,,,,,22.76677933,,,,,,,,28.57860979,5.478995164,,43.18530421,,,,,,,,,,
1983,,,,,,,,,,,,23.64841298,26.23790825,,,2.50764526,,,,,,,,,,,,,,,,,,,,,,,,,,,,39.34598173,,,,,,31.3055852,,,,,20.15866417,,44.78126041,,,31.51171043,,,,,,12.72167258,,,,,,,30.08489776,,,,30.98014072,,,50.03701813,,30.08489776,,,,,21.99088608,,,32.76013851,,,,,,,,,,27.88453433,,,38.72033024,,48.00082322,,,,,41.64247038,10.33460125,4.956910949,,31.87538367,,22.45781828,25.00054171,,21.19483284,,,,,,45.7698371,,0.603136309,,,,,,,,,,,,,,,,,,24.28648954,,,,,13.15136476,,5.920486199,,,20.13467788,73.32657201,,,,,,,,,,,,38.67959717,,,,19.93832993,,21.02296986,,,,5.384803772,,,37.1594979,,29.56039265,,,,,,,,,51.71214553,,,33.45368526,27.88453433,,,,,,,,,,,,,,,13.38820302,,,,,,,30.25650455,,,,,,,,,,,,,,,29.58962489,21.37034484,,,,50.19088148,,,,,23.351678,23.3136557,,,,,,,29.53116041,5.384803772,,39.2390843,,,,,,,,,,
1984,,,,,,,,,,,,25.30225725,27.11337725,,,2.848948375,,,,,,,,12.40940877,,,,,,,,,,,,,,,,,,,,40.28413372,,,,,,31.33589885,,,,,20.17612695,,43.03344573,,,33.96435644,,,,,,12.48431094,,,,,,,29.41368788,,,,31.25199957,,,48.77705774,,29.41368788,,,,,23.34724858,,,37.14692982,,,,,,,,,,28.39430435,,,32.58594918,,49.0867464,,,,,39.16425349,9.351634266,6.045904711,,31.95603784,,21.28328211,26.01272074,,20.29060434,,,,,,45.04835745,,1.05553006,,,,,,,,,,7.609231309,,,,,,,,25.51373221,,,,,10.64220183,,5.967375594,,,22.54863282,72.3417994,,,,,,,,,,,,38.49932457,,,,20.67932551,,20.51581793,,,,5.15786836,,,37.30722418,,29.41368788,,,,,,,,,47.28909357,,31.25199957,33.98375699,27.7538408,,,,,,,,,,,,,,,13.96384595,,,,,,,33.70854423,,,,,,,,,,,,,,,28.39430435,21.17734659,,,,46.20031635,,,,,21.54270455,23.45587964,,,,,,,30.51432716,5.15786836,,43.40689107,,,,,,,,,,
1985,,,,,,,,,,,,24.53676284,26.91968411,,,3.250831178,,,,,,,,9.25178516,60.12903226,,,,,,,,,,,,,,,,,,,39.96514278,,,,,,30.28529627,,,,,20.42015082,,41.95904978,,,34.41993131,,,,,,12.07248018,,,,,,,29.78175205,,,,30.05110343,,,47.68231709,,29.78175205,,,,,22.31545138,,,37.09038661,,,,,,,,,,29.08986236,,,31.81733804,,51.35778988,,,,,37.42976556,16.07608001,8.755946958,,30.93965854,,21.49229792,25.27083072,,20.32932866,,,,,,43.23773475,,0.764364787,,,,,,,,,,,,,,,,,,22.68848404,,,,,16.68765743,,5.889819751,,,21.93220519,71.74807903,,,,,,,,,,,,37.0916626,,,,20.70802149,,17.63661121,,,,4.506917683,,,38.80993166,,29.91642774,,,,,,,,,55.35529092,,28.39797268,32.89462291,29.78175205,,,,,,,,,,,,,,,13.78157504,,,,,,,32.81518819,,,,,,,,,,,,,,,30.05110343,,,,,45.6169269,,,,,21.5379337,27.32289182,,,,,,,31.03106313,4.506917683,,44.7161556,,,,,,,,,,
1986,,,,,,,,,,,,23.96558479,26.73434516,,,3.80600261,,,,,,,,9.508020432,35.69877615,,,,,,,,,,,,,,,,,,,43.62648059,,,,,,28.33577713,,,,,19.05722326,,43.40766782,,,34.73589607,,,,,,11.18049165,,,,,,,29.57304013,,,,29.61437047,,,45.54379398,,29.57304013,,,,,21.85745816,,,40.3493899,,,,,,,,,,29.48702768,,,29.61437047,,50.78663819,,,,,36.00980766,23.28831364,12.36862978,,37.75433308,,23.44367402,24.03786338,,19.36622254,,,,,,42.78989886,,0.42158516,,,,,,,,,,20.25738251,,,,,,,,25.43712662,,,,,11.04319478,,6.770641235,,,21.16800037,64.44977717,,,,,,,,,,,,36.60827621,,,,21.42091632,,19.40818103,,,,3.94741638,,,39.42050714,,30.18354641,,,,,,,,,46.99165763,,29.40101523,40.26736632,29.57304013,,,,,,,,,,,,,,,13.87955048,,,,,,,31.82588435,,,,,,,,,,,,,,,30.75272236,,,,,47.99379071,,,,,23.55363307,30.98400844,,,,,,,32.04559893,3.94741638,,43.61115538,,,,,,,,,,
1987,,,,,,,,,,,,22.73048841,26.8596882,,,3.937198068,,,,,,,,,30.34758222,,,,,,,,,,,,,,,,,,,43.47107871,,,,,,26.54109589,,,,,19.06684904,,42.64363638,,,26.00404225,,,,,,11.69379144,,,,,,,29.68007612,,,,29.68007612,,,48.35966395,,29.68007612,,,,,22.4198867,,,41.76327401,,,,,,,,,,29.65039628,,,31.08721987,,52.17976949,,,,,36.01791582,18.13889674,10.63634916,,35.82955997,,25.44039836,23.97230528,,19.81244165,,,,,,39.55159373,,,,,,,,,,,,18.4414796,,,,,,,,26.38090642,,,,,10.18518519,,6.824202607,,,21.06747305,67.38647701,,,,,,,,,,,,36.93635661,,,,22.83181919,,24.84764126,,,,3.518278341,,,41.0345539,,30.05767594,,,,,,,,,52.19498976,,29.65039628,37.73437549,29.37800351,,,,,,,,,,,,,,,14.46667182,,,,,,,33.9290688,,,,,,,,,,,,,,,29.37800351,,,,,49.47247088,,,,,23.85353856,33.15714987,,,,,,,30.43527575,3.518278341,,41.37165897,,,,,,,,,,
1988,,,,,,,,,,,,22.76012169,25.91415801,,,4.198280223,,,,,,,,8.810672722,35.5509211,,,,,,,,,,,,,28.32258907,,,,,,42.30234941,,,,,,18.20565435,,,,,18.93758399,,42.48505565,,,21.23000563,,,,,,11.23901537,,,,,,,30.24296244,,,,30.28420957,,,48.18505909,,29.56401603,,,,,22.62349591,,,41.59777659,,,,,,,,,,30.24296244,,,40.20762122,,52.94408498,,,,,35.5677498,24.47276652,9.480421687,,37.76337115,,27.85072463,30.24296244,28.32258907,18.73799831,,,,,,38.3943612,,,,,,,,,,,,19.40249935,,,,,,,,27.21069869,,,,,10.87219135,,6.473805658,,,22.43010238,61.63993749,,,,,,,,,,,,26.27006332,,,,23.08325749,,26.30545158,,,,3.638176964,,,37.61584771,,30.7386164,,,,,,,,,50.86848635,,30.28420957,37.35944982,30.07142857,,,,,,,,,,,,,,,19.4789261,,,,,,,34.69853159,,,,,,,,,,,,,,,30.07142857,,,,,47.29303201,,,,,22.73386512,31.95518592,,,,,,,31.19302323,3.638176964,,43.2340127,,,,,,,,,,
1989,,,,,,,,,,,,21.78778926,26.1254777,,,4.310344828,,,,,,,,9.060402685,35.34230879,,,,,,,,,,,,,24.97397691,,,,,,40.26766964,,,,,,17.33615222,,,,,19.01056494,,41.2915052,,,20.15606164,,,,,,11.76391623,,,,,,,30.18995899,,,,31.29597582,,,49.81218483,,28.99809909,,,,,23.1126844,,,42.56281878,,,,,,,,,,30.18995899,,,32.40199264,,48.63945758,,,,,34.87611379,25.14006806,6.360313316,,40.96631873,,26.88343888,30.18995899,24.97397691,14.90493477,,,,,,33.98556976,,,,,,,,,,,,17.64758882,,,,,,,,26.28345605,,,,,14.50113975,,7.16289195,,,25.43224952,55.89725286,,,,,,,,,,,,30.20412288,,,,23.24099363,,,,,,3.208637905,,,35.70465451,,30.28963813,,,,,,,,,54.47392986,,,32.99460369,29.72694822,,,,,,,,,,,,,,,19.59261617,,,,,,,33.9068407,,,,,,,,,,,,,,,29.26393745,,,,,46.79141326,,,,,20.79424029,29.43212631,,,,,,,30.38931726,3.208637905,,43.64496528,,,,,,,,,,
1990,,,,,,,,,21.96024751,,,21.42076945,25.53116993,,,3.778541119,,,,,9.196981329,,,10.7430428,34.58342493,,1.89483529,24.16985115,,,17.71752549,,,,,22.24476139,,24.86700336,,,,,,43.48605149,,,,,,27.55592378,,,,,18.26311046,,41.62736553,,,22.97097683,27.30274688,,,,,13.23860978,,,,,,24.31525284,30.14323729,,,,31.33194683,,14.38986384,48.13602506,,28.3999177,,,28.28729971,,23.84788684,26.82869349,,44.45059323,,,,40.94693737,12.29653703,,,,,30.60000999,,,31.33194683,,46.99797593,,,,,35.89153839,23.70722337,5.414840562,,37.92710141,,28.34840655,,24.86700336,18.27576216,19.25785828,,,,,35.43980595,,0.032092426,,,,34.9148222,31.06967435,34.9148222,,,,,,,,,,,,24.66625604,,23.04553265,,,18.48832901,,6.961959354,,,25.72879172,56.0485544,,,,,,,,,,42.79087525,,27.5470757,23.89018983,,66.03044763,23.44733918,,,35.24621946,,,3.212851406,,,33.68389721,,31.26183096,,23.89018983,,,,,10.87877422,,49.90172495,30.72317791,,31.88655687,28.3999177,,,,32.63813651,,27.05841806,,,,,,,,,15.99709042,,,,24.37859659,,,34.88199534,35.89153839,35.89153839,,,42.2267664,5.909682215,,,11.74734357,,,,,,30.60000999,31.39335268,,,,43.34978365,,,,,20.90520419,31.19171509,,,,,,,28.35360284,3.212851406,,36.36714231,,25.85804801,,,,,,,37.44785935,
1991,,,,,,,,,27.52426704,,,21.23162313,24.83429596,,,3.646038628,,,,,8.864276924,,,11.19657625,36.98983656,,2.08566108,21.24016164,,,16.92881791,,25.70979888,,,19.09521928,,27.06447116,,,25.06369702,,,43.82824671,,,,,,27.86118632,,24.51923077,,,18.18821873,,41.08525443,,,21.01378358,30.1279354,,,,,10.10951041,,,,39.40769563,,26.51045422,31.1102915,,,,26.2766676,,16.0702387,47.73146627,,26.94517194,,,34.35205522,,23.87722842,35.29184374,,,,,,34.26481151,18.40742091,,,,,29.27766745,,,25.60816327,,45.92743298,,,,,34.48231899,26.2855122,6.418515867,,35.27541107,,31.86558768,,27.06447116,19.24494932,18.11655661,,,,,33.61800378,,,,,,32.98459101,29.78277841,32.98459101,,,,30.1279354,,,,39.32622072,,,,25.34636834,,23.79875636,,,14.46025948,,7.95154185,,,28.24405727,54.59595638,,,,,,,,,,45.10313746,,32.00136031,21.83803458,,68.03976143,22.15330084,,,31.70437051,,,3.609554195,,,33.87269464,,31.73457388,,28.24405727,,,,,8.139381443,,53.16640612,25.59922811,,,25.60816327,,,,23.15912379,,23.44355529,,,,,,,,,16.19057182,,,,27.65426421,,,34.07589223,34.48231899,34.48231899,,,41.68594375,9.96978852,,,8.663366337,,,,,,32.96411601,30.36652959,,,,44.79066584,,,,,24.31679227,31.60356008,,,,,,,29.27766745,3.609554195,,35.99512874,,,,,,,,,28.05284785,
1992,,,,,,,,,29.98210731,,,20.27928369,24.55297571,,4.789522919,4.321848237,,,38.98305085,,8.092134992,,,11.79544015,39.01735606,,3.054989817,17.99763203,,,14.27396764,,25.68032011,,,17.52737392,,30.84389427,,,27.40430072,,,44.94572933,,,,,,35.20557677,,37.58382739,,,21.97175044,,39.87327969,,,26.15345482,32.67607058,25.95493286,26.57763664,26.57763664,,13.49194954,,,,33.96895511,,22.54693665,27.09830543,,,,27.40430072,,24.28949842,44.6679807,,26.7915788,,,39.84865398,,23.1017525,35.16603232,,,,,,37.04795113,20.48052556,,,,,29.56363126,,,27.40356937,30.84389427,45.23294724,,,,,33.23011006,25.85645177,5.653307266,,35.19346518,,32.82068289,,30.84389427,21.24380848,20.36249559,,,,,34.98950315,,0.170940171,,,,36.81466429,36.12676395,36.81466429,,,,32.69524435,,,,,,,,27.17230704,,31.61239079,,,16.74457629,,8.896034298,,,29.56363126,49.60896302,,,,,,,,27.10185934,,45.13038445,,32.67607058,27.33107993,,76.22430162,22.49372985,,,44.37551714,,,3.898272819,,,36.86457109,,31.55613456,,31.12943781,,,,,9.820549098,,50.67384774,26.05341394,,,27.40430072,,,,19.24106035,,25.23596245,,,,,,,,,15.79972553,,,27.40503207,30.84389427,,,33.30180926,38.11215081,38.11215081,,,42.68899522,12.02755058,,,9.626512362,,,,,,31.96139793,28.81604736,,,,42.91519962,,,,,22.56006648,33.53021149,,,,,,,31.1508712,3.898272819,,36.58137745,,,,,,,,,30.51863308,
1993,,,,,,,,,33.87928717,,,20.1495438,23.96858344,,2.822201317,4.68666785,,,31.93591455,,11.38266746,,,10.43088976,34.99817297,,2.82261889,19.12334353,,,18.29031029,,25.35110765,,,20.67657428,,35.99351496,,,29.77065613,,,45.73767061,,,,,,33.3153406,,43.50747902,,,25.77440211,31.7142627,38.15149791,,,28.33883336,,24.86434583,26.8496195,26.8496195,,13.13866067,,,,37.6128324,,20.75698144,28.38709677,,,,29.77065613,,31.67507177,43.26183731,,26.73626562,,,32.09576943,,23.1155032,30.77394678,,,,,,43.67139096,,,,,,30.26530727,,,27.55775578,31.86809321,48.29265018,,,,,31.80027187,26.35391882,2.763337893,,32.94991279,,32.3359156,,35.99351496,22.23050655,21.58370441,,,,,34.85441374,,0.04411116,,,,35.49584396,35.49584396,35.49584396,,,,33.02283315,,,,31.15421548,,,,27.70657065,,26.90647482,,,16.01264443,,8.494485459,,,30.10802816,48.56178323,,,,,,,,23.37477284,,44.21234244,,31.05653139,,,71.68435013,22.21115196,,,37.18415432,,,3.840156418,,,37.7927605,,31.96504233,,32.09576943,,,,,8.640995306,,48.89981165,27.34532018,,,28.68331735,,,,25.41689249,,,,,,,,,5.794349939,,15.22334935,,,28.38709677,32.55930129,,,37.27838551,35.84217507,35.84217507,,,46.49218398,14.19374617,,,9.32112069,,,,,,34.49901622,28.97953792,,,,41.15140565,,,,,22.20664174,32.27432089,,,,,,,32.21582195,3.840156418,,30.26530727,,,,,,,,,18.33318649,
1994,,,,,,,,,33.39614013,,,21.38702116,25.24039343,30.45169521,5.005744297,4.750778816,,,35.35792488,,13.33059564,,,9.95792891,43.35823136,,4.177729367,24.35739721,,,28.16157022,,32.69617706,,,23.94238256,,35.21252284,,,32.08964476,,,46.30862005,,,,,,32.27566756,,43.81862461,,,28.82104085,32.05093859,39.27014958,,,33.9832993,,27.84388664,27.84388664,27.84388664,,12.53393867,,,,39.41376727,,16.64617707,32.15058749,32.15058749,,,32.08964476,,31.61645891,42.70461609,,27.73142499,,,,,23.62135509,,,,,,,48.28873159,,,,,,32.05093859,,,26.77933366,32.83590384,50.5550872,,,,,31.26987991,34.02772779,3.660506591,,35.38920518,,32.25027465,,35.21252284,28.85204199,24.82891696,,,,,34.5734617,,0.039292731,,,,39.15385726,39.15385726,39.15385726,38.87829437,,,29.08723227,,,,32.17282405,,,,27.39981958,,28.16299265,,,15.16239167,,12.9732755,,,30.41840886,47.8895928,,,,,,,,22.05468,,45.50505612,,28.67321636,,,76.77519672,23.13239013,,,43.09519168,,,4.106129505,,,38.46404286,,32.21154935,,29.75282057,,,,,8.360222877,,50.20299615,27.01455692,27.68366072,,30.45149029,,,,23.01942375,,,,,,,,,5.338478855,,20.17231947,,,32.12835093,30.41840886,,,38.42680324,38.38759836,38.38759836,,,48.31649689,12.83875558,,,9.297520661,,,,,,37.3629386,27.70239547,,,,40.54633524,,,,,21.08084411,36.37283723,,,,,,,33.01066206,4.106129505,,29.89862941,,,,,,,,,26.85526521,
1995,,39.06978672,,,,,,,36.48206939,,,21.57676349,27.06049847,33.92186934,8.75359685,5.366027008,,,33.18117477,25.441378,15.99707256,,,9.499495006,45.01741319,,4.474103143,,,,,,30.27698037,,,25.77999776,,37.24012775,,,30.51045248,,,45.44284099,,,,,,32.44969584,14.38109461,42.06204034,,,27.70738599,30.51045248,38.40295142,,,34.19341281,,,,,,13.34301609,,,,31.17437087,,13.30741349,31.17437087,33.18117477,,,30.84241168,,31.35785426,32.00988947,,26.39660172,,,,,21.79282779,,,34.74200696,,,,46.18116535,,,,,,30.65392529,,,29.26703044,34.05764108,49.97479348,,,,,28.35518926,33.80465602,6.030911763,,35.86037832,,31.40191655,22.43722055,37.24012775,28.95447374,27.5431342,,,,,33.15740453,,0.033489618,,,,,45.01741319,45.01741319,39.85948038,,,27.99620209,,,,33.26420591,,,,27.30530763,,27.02185079,,,14.32740214,,31.82291219,,,30.18078865,54.29985483,,,,,,,,,,45.68224823,,25.85829815,,,72.89132123,24.89564214,,,52.1130299,,,3.967158728,,,35.62077976,,31.40191655,,29.08849537,,,,,7.6641991,,45.60541619,25.6909906,27.87477915,34.0323891,30.65392529,,,,27.1574583,,,,32.49470962,,,,,4.515346581,,20.23910383,,29.72387971,,30.18078865,,,36.77077881,36.44566061,36.44566061,,35.91591989,49.48515383,,,,9.936055091,,,,,,34.98320727,30.65392529,,,,40.59545517,,,,,21.17596932,39.37124636,,,,,,,33.83873322,3.967158728,,33.01275412,,34.29684963,,,,,,,22.44844774,
1996,,33.26405546,,,,,,,39.25377424,,,21.48978352,27.44969109,26.78340652,5.23552574,4.479495268,,,37.44875991,26.13262168,36.01346104,,,8.652472621,50.20564666,,3.786023991,,,,,,31.08223954,,,,,36.52831482,,,31.63144048,,,46.34064514,,,,,,39.7787092,,40.4073267,,,27.77253624,31.63144048,38.87604603,,,34.02764567,,27.03444072,27.03444072,27.03444072,,16.10049331,,,,34.63942663,,13.8558101,32.64868005,33.03584693,,,32.14006026,,32.31691602,32.80763841,,26.67316469,,,,,20.40139538,,,34.29084381,,,,52.1191227,,,,,,32.02808179,,,28.90312095,33.83210502,49.51122734,,,,,27.35105387,30.2827587,5.977037553,,36.20102114,,30.36439023,21.18729851,36.52831482,29.39005114,29.91167539,,,,,33.46711502,,,,,33.63656436,,42.53315782,42.53315782,40.78899519,,,26.27677063,,,,32.64868005,,,,27.42445645,68.30702498,,,27.03444072,14.68839885,,31.58367241,,,32.42472309,56.94126462,,,,,,38.2671671,,21.73472098,,,,25.81967213,,,69.66842742,25.44294565,,,54.66559132,,,3.493395554,,,34.35431987,,32.64868005,,29.35074686,,,,,6.845627553,,42.53315782,27.16254641,25.68103787,33.827713,31.63144048,,,,27.09149534,,,,,,,,,7.460721496,,16.99177562,,29.11237905,,32.42472309,,,35.09494953,34.83421371,34.83421371,,36.9761451,51.11505091,,,,10.19945603,,,,,,33.4214233,29.55580411,,,,41.6739724,,,,,20.72428592,46.31118997,,,,,,,34.35360104,3.493395554,,33.63656436,,33.45403023,,,,,,,47.46295912,
1997,,34.16402033,,,,,,,40.74145675,,,20.51806002,27.85810712,40.28324364,5.618408042,3.5,,,41.11614933,26.19824376,33.06511717,,,6.965445117,53.73028351,,,22.89513717,,,,,36.76971072,,,,,36.82858838,,,31.11408942,,,46.29948271,,,,,,39.39270463,,39.42258649,,,27.24198397,31.02022996,39.76689648,,,34.81142069,,28.21210772,28.21210772,28.21210772,,16.81551416,,,,35.04060703,,16.58214728,32.35717269,32.96564464,,,31.73563105,,,35.54829177,,26.65966081,,,,48.03448276,20.03180696,,,32.35717269,,,,55.40881484,,,,,,31.17938582,,,31.11408942,36.82858838,51.1730091,,,,,27.30672579,28.21210772,9.493103803,,35.82324236,,29.36498304,21.34882213,36.82858838,31.24468222,30.60582686,27.91673854,,,,34.06656381,,0.023872046,,,35.04060703,41.9678723,41.80077908,41.9678723,38.34934437,,,29.61650661,,,,32.46673709,,,,28.50881421,74.44484876,,,26.65304269,14.98736403,,32.61202723,,,33.3744111,59.59786446,,,,,,45.72999932,,27.72539438,,45.47220907,,29.05015154,,,67.67381877,26.16382393,,,58.19973757,,,3.366138068,,,34.57004197,,32.35717269,,,,,,,7.723902471,,42.86010141,28.84595007,29.66968391,32.5660336,31.24468222,,,,28.6340007,,,,,,,,,7.512586532,,16.78910814,,27.22372521,,,,,35.57075737,33.83690938,33.83690938,,37.86793795,51.0319102,,,,9.792993631,,,,,,33.36525567,30.68232844,,,,42.63190743,,,,,34.02374627,45.24836697,,,,,,15.11897242,34.4356549,3.366138068,38.11064651,41.07564319,,38.06607575,,,,,,,50.36842105,
1998,,36.06910942,,,,,,,41.78904136,,,20.24275536,27.84201555,37.30983282,6.620929177,4.024544306,,,37.95857694,25.86380399,30.5245734,,,10.63768313,52.91163764,,,32.60143404,,,,,32.97278921,,,21.76015586,,38.38617147,,,32.79496045,,,46.51833823,,27.58832296,,,,40.09625914,,44.95752632,,,28.80678422,30.84254412,41.60584739,,,35.68343842,,26.39064123,26.39064123,26.39064123,,,40.05293673,,,32.43626062,,17.31684422,30.4258383,34.01182103,,39.59612944,32.61561054,,,35.28079145,,26.63746553,,,,42.76521739,20.34494651,,,30.4258383,,,,61.36805997,,,,,,31.9824341,,,33.56704788,38.17237421,51.42958097,,,,,28.87433659,24.97439338,12.18014664,,36.21162242,,28.5722588,24.41257876,38.38617147,33.81399656,30.41423757,41.6843372,,,,28.73753157,,0.028901734,,,36.14036592,40.99212116,40.94265025,40.99212116,40.79647817,,,27.63531866,,,,34.3872666,,,,29.31677045,65.25363388,,,22.37826232,14.50132255,,32.32844422,,,35.51087962,58.83289855,,,,,,49.41400173,,31.79901636,,45.10867068,,26.39064123,,,67.85772557,26.83985314,,,56.93435997,,,3.140163825,,,36.67688268,,31.9824341,,,,,,,9.408373288,,41.83612947,27.93328096,30.00411579,34.01182103,31.52860757,,,,32.79496045,,,,,,,,,6.899595439,,14.88138403,,28.56064485,,,,,35.07296976,33.92886278,33.92886278,,39.5887242,50.34227212,,,,8.510638298,,,,40.54692463,,33.01624105,31.52860757,,62.79820997,,47.85660712,,,,,35.38701299,39.59612944,,,,,,15.56318967,33.79277963,3.140163825,37.95857694,40.19520095,,41.67790262,,,,,33.79277963,,31.67113261,
1999,,,,,,4.52433546,,,42.11198043,,,19.29250568,28.03037088,39.16282958,5.401964644,3.342981187,,,37.91548381,26.89155881,23.35015838,,,6.824035591,43.75117166,,,37.16801785,,,,,37.98740923,,,26.62831716,,36.44939634,,,33.85714114,,,46.9477829,,,,,,38.62252242,,43.31690219,,,28.44860999,32.51687547,41.44164926,,,30.15786502,,28.17176062,28.17176062,28.17176062,,,38.92179475,,,32.02248962,,16.08274185,31.86235982,34.483872,,39.16282958,32.77304304,,,36.16498446,,26.43348755,,,,50.76813656,21.37323293,,,31.86235982,,,,62.7743734,,,,,,33.02921062,,,34.67184661,38.77215859,50.37753997,,,,,27.96119744,28.17176062,16.8490168,,35.86937351,,29.19078884,24.70672597,36.44939634,35.66084101,29.31340933,51.16138934,,,,32.98017837,,,,,38.892676,42.11198043,41.71345995,42.11198043,40.31942042,,,30.17704983,,,,34.73584465,,,,31.08865313,55.61397888,,,24.58261477,13.30752262,,32.44297318,,,41.82330413,57.82066912,,,,,,46.64596858,,39.64915557,,41.80948713,,27.46023351,,,66.55057618,27.63702558,,,52.91741679,,,3.617373048,,,34.82716103,,33.00469449,,,,,,,8.699983217,,41.71345995,29.29610663,31.92780341,33.20942947,33.11932004,,,,33.85714114,34.28046831,,,,,,,,5.976859504,,16.35259112,,27.52083062,,,,,34.60368584,33.27528809,33.27528809,,41.12590436,50.52453419,,,,9.619450317,,,,35.07792789,,33.02921062,33.96365658,,57.53757941,,44.77513094,,,,,37.95025315,,,,,,37.06346702,17.21818272,34.483872,3.617373048,,43.1711481,,50.12646928,,,,,,,35.9086966,
2000,,,,,,3.091564092,,,43.86411637,,,17.90589154,28.004521,,12.70859543,2.333087422,,,38.80325829,26.74379396,28.08604867,,,10.81764721,50.42090924,,,39.80315287,,,,,,,,,,36.19974836,,,33.28240003,,,47.08562732,,,,,,39.62097455,,46.88876306,,,30.8044316,31.88498359,39.66766034,,,25.65260852,,28.93564191,30.22097236,30.22097236,,,33.67496538,,,34.26664186,,,30.57489935,33.24318872,,,32.03196774,,,33.27396053,,25.87334364,,,,57.18525461,21.60695186,,,30.57489935,,,,60.28068447,,,,,,32.03196774,,,35.55646245,36.19974836,48.52759411,,,,,28.92650465,,7.502704346,,38.15294718,,27.62884063,24.62668145,36.19974836,32.29810781,33.62792778,40.10272131,,,,30.2687276,,,,,38.35564468,39.97008392,39.97008392,39.97008392,40.19008418,,25.56333301,26.3534678,,,,33.28240003,,,,32.06110208,69.38555798,,,24.80069352,12.70424319,43.36698444,33.25984384,,,42.66476553,62.12800079,,,,,,45.26574669,,36.02199121,,,,32.8393885,24.09399201,,64.3051179,27.25131438,,,53.98047668,,,3.182632772,,,27.52092949,,31.91353837,,,,,,,9.228372139,,39.97008392,27.60255621,31.44497218,31.94209315,31.91353837,,,,33.21241691,30.9390529,,,,,,,,5.161290323,,18.04311541,,28.95723514,,,,,34.53339618,32.15255895,32.15255895,,41.18116456,56.7505742,11.80053293,11.72137016,,19.04515174,,,,,,32.12184234,33.48793381,,54.7682747,,42.0507041,,,,,38.55834217,,,,,,32.67176384,,33.50762609,3.182632772,,35.13703856,,,,,,,,,,
2001,,,,,,21.08157208,,,43.82531463,,,24.27576129,27.17599754,,10.22294725,2.4145469,24.82917924,,36.44829427,25.62386718,28.36530376,,,6.342173316,48.64667469,,,40.52066357,,,,,,,,,,30.67257618,,,34.01704324,,,46.89099794,,,,,22.60828177,39.86305126,23.40712161,46.40522876,,,31.15606467,26.77486953,40.65477488,,,35.34665847,,27.04402357,26.09021283,26.09021283,,,33.09078309,,,35.81021088,,9.838655186,31.22882351,33.85647431,,,32.87580561,,,33.69590538,,25.02947139,,,34.9538631,57.63879508,22.13827584,14.80272546,,31.22882351,,,,53.2079913,,,,,,32.27182087,,,34.01704324,37.27834383,44.40619861,,,,,30.1500645,25.91196939,5.57017813,,37.11907801,,27.31949062,23.51485353,38.1083934,32.92437839,34.51828501,42.96629605,,,,32.15441518,,,,,38.73641956,40.74130674,40.63098516,40.74130674,40.73336335,,28.48490539,27.50460058,,,,36.5430279,,,,30.65645668,68.17533364,,,22.42188655,12.79329609,45.77073563,34.1396718,,,42.1725477,,,,,,,43.78760194,,40.03531515,,,,27.9978343,23.96891949,,64.99555757,28.89022416,,28.93517435,53.2969969,,,3.129721412,,,27.80468984,,31.69161935,,34.9538631,,,,,12.07796614,,40.74130674,26.09021283,30.99149974,32.38922656,31.22882351,,,,33.36238467,35.01326074,,,,,,,,,,18.41319276,,29.88541102,,34.9538631,,,33.10369124,31.32392164,31.32392164,,40.27060124,57.00386751,13.19060773,11.84336031,,19.08011859,,,,,,34.75325369,34.58536593,,53.09148352,,38.73641956,,,,23.23675896,38.4421787,,,,,,27.83997923,,32.98814093,3.129721412,,45.46313251,,,,,,,33.03946201,,,
2002,,43.07440695,,,,7.153502967,,,37.44587073,,,25.43344668,28.08668614,,11.50261823,2.554353125,25.18764075,,36.07239218,24.23215648,27.27973952,,,10.40723508,47.7814564,,,40.6483489,,,,37.3689477,,,29.68998825,,,32.23622507,,,33.95400359,,,49.15025337,,,,,21.05836576,,22.05806885,43.44400388,,,31.97718731,26.08976813,41.8987778,,,35.61347968,29.81141676,29.2214015,27.82777164,27.82777164,,22.13885044,39.23721092,,,35.27936909,,12.63409401,32.33794157,33.84531666,,,32.67242268,,,34.30407817,,25.42008626,,,32.19441771,60.94431294,22.34056806,20.90999248,,32.47823804,,,,55.20079322,,,,,,32.47823804,,,33.84531666,37.32980665,45.53849281,,,,,30.36666495,29.93284527,4.267076729,,38.23826806,,28.9011527,23.74878221,38.25855303,36.29558797,32.11787775,37.98151879,,,,32.21930257,,,,,38.36979693,42.12630781,40.6483489,42.12630781,38.48104082,,43.74419727,26.84090432,,,,36.72384365,,,28.26544628,29.91683863,74.50898487,,,21.59877386,12.49262102,45.04621228,33.24612867,,,43.32589024,,,,34.66581016,34.66581016,33.7110509,41.996892,,33.87619708,,40.74084837,,22.0776943,20.64712563,,64.6693726,29.33045285,,29.2214015,54.2645388,,,3.517330501,,,27.91212481,,32.46465943,,32.19441771,,,,,12.85685406,,43.60426673,25.96555503,32.67242268,32.46465943,32.21526314,,,,34.06269051,28.30147722,,,25.09553825,,,,,,,18.52421652,,31.47713986,32.2112237,32.19441771,,,33.7110509,31.35067562,31.35067562,,40.86276333,56.12476498,17.85069524,14.34214302,,17.85125554,,,,,,37.34005742,33.30824658,,,,42.27192832,,,,26.2138971,37.21374256,,,,,,26.52549572,,34.07653678,3.517330501,,45.74836889,,,,,,,32.57533036,,,
2003,,45.67802502,,,,7.749277521,,,34.25135202,,,25.82070914,28.00875916,,9.577183442,2.681691125,32.35985767,40.74288091,34.43745628,24.58611821,26.7923029,,,17.38321959,45.56258774,,,41.85339405,,,,33.8215748,,,32.48400924,,,28.85490516,,,34.30041185,,,49.04404569,,23.99610963,,,16.69111654,,19.66109564,45.31688492,,,35.48550976,23.66912161,41.47730502,,,41.9051949,32.35985767,30.09355275,32.14952844,32.14952844,,21.50083002,43.25925285,,,33.74086096,,12.02419466,32.57948642,33.94353255,,40.84073187,33.08453542,,,36.03919066,,25.50828407,,,38.96981891,54.02335798,22.30296921,33.50608629,,31.32101955,,,,55.98725014,,,,,,32.99330573,44.7819688,,36.14329948,36.81150306,46.72504625,,,,,30.20371532,32.14952844,4.360201646,,38.2843876,,29.87259457,22.89248033,38.02919261,37.15350964,31.85473126,40.84073187,,,,31.21739232,,,,,40.04958905,43.89238153,43.25925285,43.89238153,41.41824377,,46.24071707,28.20162744,,,,34.85996274,,,32.35985767,30.1192041,78.53657031,20.48016083,,18.14098134,12.90027447,36.94201948,33.27018739,,,46.17748556,,,,34.18845365,34.18845365,34.25135202,45.60514044,,35.40917631,,43.25306645,,19.2875473,20.42960022,,62.19394967,29.58126048,,28.96971319,51.78280413,,,3.573926261,,,27.68303044,,32.57948642,,33.74086096,,,,,,,44.5255102,25.17802883,33.08453542,32.81069589,31.26920593,,,,36.81150306,31.25252293,,,24.62822343,,,,,,,24.750348,,32.99330573,32.34827694,33.74086096,,,35.2897226,31.72841625,31.72841625,,43.03507381,53.66798491,18.55246523,11.90891074,,18.55151322,,,,,,37.36503519,33.70900692,,57.37115574,,40.04958905,,,,19.68061771,36.52217605,,,,,,22.88540723,,34.14620414,3.573926261,36.6594576,49.08917569,,,,,,,33.6075466,,29.57217326,
2004,,48.69625951,,,,7.687416546,,,37.16692016,31.32118082,,25.3209955,28.03255079,,12.40175634,2.453620586,28.94877543,44.35581583,34.56478342,25.14467148,29.98067162,,,7.232258241,45.30627124,,,43.09446963,,,,37.86411627,,,37.70972334,,,29.42851905,,24.78053537,35.54222063,,,45.25747158,,,,,10.04821343,38.04559211,18.26943671,45.36734562,,,38.14717365,27.50957953,40.05359563,,,41.21020908,34.91582331,29.08580055,28.20980842,28.20980842,,21.6467817,41.60818127,,,35.63309246,,10.10654831,32.39934651,34.56536645,,37.69803461,34.91312237,,42.36063812,35.67590873,,25.04246413,,,36.13981903,46.84632697,22.13882166,34.91582331,,30.01088349,,,,57.87282383,,,,,,33.40611824,43.80033352,,38.36999078,37.90236736,47.99963005,37.00275923,,,,29.7148342,32.03635663,3.328481348,,38.53926524,,30.75009262,23.42086031,37.90236736,35.51299289,37.01406416,39.94472042,,,,30.30063131,,,,,39.24199283,43.44740157,43.09446963,43.44740157,40.09210727,,45.07806808,31.29197011,,,,33.72561287,,,32.0006337,32.66461015,82.26241219,16.44445764,,17.98124711,13.23443008,41.86425739,36.1350854,,,46.17667753,,,,37.00275923,37.00275923,36.99145431,47.6092918,,,,41.30567431,,23.25687488,18.81439448,,65.02223348,29.72098539,,29.08580055,50.51079269,,,3.496312771,,,26.36664417,,32.39934651,,35.88645574,,,,,,,44.76866245,24.38326022,35.4513488,32.39934651,30.1557574,,,,34.37489594,25.78886227,,,23.12827013,,,,,,,23.63218139,,35.67195609,32.28131562,35.88645574,,,36.18983384,31.11297547,31.11297547,,43.59118914,59.84277309,20.35937032,17.15885951,,20.36058847,,,,,,36.76491327,34.56594948,,54.09016733,,40.0908076,,42.41364371,,20.95467074,36.99145431,,,,,,21.49893409,,33.08662361,3.496312771,37.90236736,50.80522659,,,,,,,34.91582331,,31.49015067,
2005,,,,,,6.537796378,,,37.23322265,32.26068978,,24.17979737,27.66515702,,16.3188256,,27.49813923,45.86188581,33.58006881,25.25619075,32.96231977,,,11.78502133,48.20846464,22.67168518,,41.52291838,,,42.89022907,37.29562516,,41.09008332,36.90330209,,,26.2427484,,,37.10763954,,,41.27135327,77.68765996,,,,7.076434919,37.81557267,19.4866133,45.38206396,,,36.81988917,27.62248336,39.15110896,,,47.87976767,35.378837,29.58000165,33.81532113,33.81532113,,23.88045554,44.32152055,,,37.10763954,,10.64383112,33.24864125,34.11264226,,37.15480304,35.51049618,,41.77920931,35.51049618,,24.58572369,,,42.3840394,57.95300497,22.78915597,35.90354124,,30.19034913,,,,51.68763141,,,,,,33.25408821,42.272333,,37.36065881,37.81557267,37.09532374,37.23322265,,,,30.76228968,,3.024225563,,39.09763462,,30.77556307,23.77165387,37.61760651,33.25953517,43.6651436,,,,,29.58000165,,,,,38.75423855,41.52291838,41.89762569,41.52291838,42.42210401,,39.86730144,30.98876066,16.57816145,,,33.24864125,,,32.43488935,32.25431749,79.00239325,17.65473859,,20.30046189,8.545402914,39.59406006,37.19099975,,,48.79580833,,,,37.35086061,37.35086061,36.29087873,47.25506892,,,,38.41084248,,30.72734017,26.19727664,,67.76203609,29.706945,,27.25529475,50.63392806,,,3.167209917,39.76837241,,24.7247611,,32.07945473,,36.96376436,,,,,,35.5665737,40.48589017,23.212359,36.52198436,33.76867225,29.94864706,,,,37.78762172,23.62254214,,,25.77118666,,,,,35.60726624,,23.40739208,,34.70884417,32.07945473,36.96376436,,,35.19110029,32.32165386,32.32165386,,42.92416607,55.28283536,20.38510879,15.4047794,,20.9525008,,,,,,35.87262597,34.45661226,,,,40.12462982,,48.30640091,,14.86789029,36.29087873,,,,,,27.95727412,,30.93599661,3.167209917,37.81557267,50.65148234,,,,,,,34.94997223,,29.50812896,
2006,5.758616984,,,,,3.551998261,,,35.8916893,30.1708626,,23.62786903,27.12215192,,26.12498916,,28.60587854,44.45102289,38.32403692,25.35377421,34.96482203,,,12.28751283,33.11541355,50.60084198,8.828866887,31.72363108,,,46.24492722,34.24016088,,29.92276419,40.27556402,,,26.18971274,,,36.35219204,,,34.36518618,56.78959219,,,,5.158449747,37.15126979,18.41263039,45.5699795,,,36.58810135,26.70917145,40.29593542,,,53.90047437,34.86355057,27.9118438,,36.65676325,,19.90929368,44.59467544,1.371231099,,37.79453083,,17.04759462,32.18452043,34.61763111,,39.15585197,35.07185313,,42.22242928,35.07185313,,24.09915955,,,52.32221388,50.65739532,22.70824672,36.55870437,,31.25523368,,,,56.34670561,,,,,,32.16889822,42.25816768,,35.33436605,36.35219204,36.8943606,35.30094556,,,,28.49027429,,2.668407753,,38.74364008,,29.40398186,23.67614902,39.17072221,31.60419649,46.33740657,,,,,27.9118438,,,,,37.15126979,37.15126979,38.160996,37.15126979,41.77230373,,32.36155044,29.74415319,23.77144186,,,33.07879703,,,33.24635347,31.71601509,79.5521772,11.90842101,,16.20300383,8.999623241,15.34676573,37.34775343,,,48.71567531,,,,33.69899031,33.69899031,35.59631743,50.03319923,,33.3772934,,37.91861813,,,19.16445545,,74.07785836,28.89433038,,26.39997491,49.47418062,,,2.817741731,39.98766701,,23.41405922,,31.60419649,,36.58810135,,,,,,35.30094556,36.68027743,25.07888764,36.88097813,34.09188871,31.29753411,,,,36.35219204,20.60795426,,,24.78675784,,,,,35.15406054,,22.20697487,,32.15327601,32.18452043,36.58810135,,,34.42615557,28.60587854,28.60587854,,41.31751134,51.13220277,24.53772987,16.21840674,,24.66438863,,,,,,36.06672614,34.16340908,,,,39.93623311,,45.28021289,,13.20870327,35.03643017,,,,,,31.31736539,,31.27770283,2.817741731,36.91577361,50.6154167,,,,,,,33.73459106,,32.76052129,
2007,4.312935694,,,,,4.125171271,,,33.92856589,41.05081187,,23.18546496,26.76932358,,29.09428658,,28.1825696,43.03306108,34.19328021,25.41102237,32.26880138,,,8.85298216,49.30806143,49.38663752,10.71285387,31.92234727,,,42.65854374,33.0848629,,32.36966065,40.41627204,,,25.59546785,,,34.61825667,,,34.34201873,37.73707808,,,,6.934103748,38.3532831,15.76067978,44.85675811,,,35.14747995,27.11989707,38.70038582,,,55.76248685,,25.88560409,,30.79341257,,19.39985782,42.55836946,1.311096345,,37.20980027,,15.74369753,32.71817593,34.19328021,42.34308893,42.03197615,33.91619696,,,33.91619696,,23.55267417,,,38.63693865,55.95071735,24.02152255,33.83689461,,31.1892387,,,,58.53974315,,,,,,32.68408117,42.33402332,,34.59120837,36.93451486,34.97042481,34.71825397,,,,24.90025617,,2.636891401,,37.83916651,,30.52808168,22.74792195,36.60746746,31.73122717,47.130807,,,,,26.82273545,,,,,37.49932017,38.3532831,40.34365321,38.3532831,41.9837049,,34.81825127,30.2913477,18.02015865,,,33.74647566,34.19328021,,32.06412116,32.69906235,79.06919742,20.12856524,,15.03060019,8.066678169,32.39147187,37.66752656,,,52.60256546,,,,34.39148865,34.39148865,35.88515979,48.92216657,,20.43248211,,41.33937032,,,20.41671821,,75.71796661,28.65944952,,25.88560409,49.50469253,,,2.43646851,42.03197615,,24.23396986,,31.73122717,,35.14747995,,,,,,38.1765139,35.88515979,23.84974706,37.26156226,32.71817593,31.1797936,,,,34.61825667,23.97584462,,,26.05885295,,,,42.65420171,42.56300673,,23.25554815,,32.64998642,33.07263026,35.14747995,,,33.68098629,28.1825696,28.1825696,,37.83569876,48.09248186,39.97437837,16.79882783,,39.97512607,,,,,,35.47033424,33.73587456,,,,39.7559505,,45.70754913,,14.58346825,33.96472603,,,,,,29.23823108,,31.1703485,2.43646851,37.73707808,51.06265961,,,,,,,33.74647566,,28.71155279,
2008,1.780590429,,,,,4.846148961,,,31.67697457,43.44918958,,22.56326021,26.41486132,12.64781387,11.08694009,,27.61461607,41.95522083,30.17449417,24.44099985,31.45814007,,,10.22849172,,46.34197991,15.21360267,27.13438505,,,44.9986715,38.65520916,,31.78406184,41.6702382,,,24.83859941,,33.62920121,33.45432149,,,39.07812297,56.86332561,28.73448699,,,4.63856317,37.44949963,17.3370947,44.76681577,,,36.45674797,26.87971049,37.13843798,,,57.816083,31.90598411,25.98612066,27.14888423,27.14888423,,20.20663117,40.65326747,0.991255287,,33.3760935,,12.58932477,31.74908561,33.33604523,39.6889842,38.10949947,33.33604523,,,33.33604523,,22.89950892,,,38.11291529,46.89453939,23.8904721,33.0778529,,30.97579785,,,,58.1415752,,,,,,32.12470868,39.78129046,,32.1144237,36.72982122,31.50313506,34.64868516,,,,26.26400617,27.14888423,2.30016679,,35.91272258,,32.13499365,21.65069265,36.59940622,34.43247848,38.0086105,,,,,26.70105596,,,,,37.13849162,38.2638113,37.44949963,38.2638113,38.07968165,,38.65385261,28.23702871,14.52292245,,,33.17011501,32.7400626,,31.87518319,30.40904424,84.79503046,16.81407422,,15.86140688,8.598365299,30.28872479,37.16000316,7.929178929,,52.65738549,21.7907173,5.715860814,,35.2054414,35.2054414,33.0778529,50.30288045,,25.27118536,,40.21563986,,,19.31052274,,74.62125921,27.36584859,,23.9575786,50.00988218,,,2.47290091,37.41674701,,21.27977638,,31.36669964,,33.3760935,,,16.03468353,,,39.27126125,37.13074271,21.41281539,38.10949947,31.74908561,30.57514601,,,,34.64868516,16.35485903,,,28.26860958,,,,41.96122139,35.96415755,,21.73983013,,30.98431368,33.45432149,33.3760935,,,31.34882374,27.61461607,27.61461607,,39.69411284,44.63473862,14.35568304,16.49010674,,45.97310171,,,,,,37.07102974,32.93455923,,,,36.86023622,,43.02956296,,13.0777926,32.4022723,35.36876985,,,,,31.33806093,,29.14207866,2.47290091,36.72982122,47.76191742,,,,,,,32.26863297,,31.87518319,
2009,2.999526964,,,,,12.04625302,,,29.45870837,40.57230701,,22.65944108,27.01840716,17.81224669,28.39209645,,28.75832228,39.60817192,28.83593592,25.11810517,30.70031917,,,10.38537036,,43.30554631,13.92346129,28.41389768,,,42.5149032,36.67342943,,27.33157905,35.47088786,,,26.21377407,,28.68888446,34.4144315,,,45.83743028,60.11020983,26.93813151,,,12.72779382,32.83422408,22.90712064,42.96364297,,,34.71104061,28.45892705,37.33827033,,,57.14098127,30.52403754,28.73201376,30.19499113,30.19499113,,21.90164016,38.56431402,1.85803749,,34.4144315,,10.88944271,30.76663251,33.58027671,39.8409712,39.10963539,33.5795386,,,36.13886076,,22.94149769,,,31.6031941,50.74028879,24.59155521,29.34761485,,30.76663251,,,,56.39238098,,,,,,32.19549023,39.63756686,,33.58027671,35.73016223,29.66787128,32.34091801,,,,23.7764019,30.19499113,3.51532159,,33.07072356,,34.34908447,21.06517478,36.97318408,38.524308,37.56303636,,,,,27.30617367,,0.588773294,,,36.03431596,37.76874905,36.97318408,37.76874905,36.63152944,,43.64129943,28.02647042,,,,32.19549023,31.51157585,,30.52403754,29.5138237,83.13971023,18.8747594,29.41367333,15.67241384,10.66964988,29.21422312,36.36589248,8.899404436,,50.66302737,24.62100745,4.485217013,,35.35393253,35.35393253,32.83422408,45.98387993,,30.15785385,,39.91198118,,,22.60243146,,75.88660214,27.26156122,,24.52755539,49.4300125,,,3.008888222,39.10963539,,24.54750818,,30.23693179,,31.6031941,,,16.19724958,,,36.39658485,39.28637649,24.99450178,36.03431596,29.17724556,29.44223831,,,,33.5795386,22.48273694,,,25.83988209,,,,43.4870151,43.7754148,,26.20792758,,28.95200466,34.54586101,31.6031941,,,31.51157585,28.75832228,28.75832228,,38.64245612,37.54076128,11.22998549,13.48367748,,43.57285997,,,,24.73959373,,38.81142916,32.72735853,,,31.84761194,38.25375512,,34.27234984,,15.45436407,33.1448287,35.42600851,,,,,33.87074041,,29.70723107,3.008888222,35.91129668,40.54527493,,38.53550296,,,,,31.55738497,,28.26924013,30.52403754
2010,3.030144117,,,,,6.013950986,,,28.60367702,42.50342505,,24.35742524,27.21379349,13.55322037,28.64619798,,29.7410428,44.68758153,32.31075288,25.37908328,32.42503402,,,12.25700473,,44.85980603,15.38800991,23.14577725,,,44.93879281,36.17690597,,27.18941665,35.29049153,,,29.16287172,,31.29743038,36.36773877,,,45.05875642,63.37455078,27.29317204,,,5.480916792,33.04217349,21.18655209,45.72764669,,,34.13992635,28.79774567,36.5745564,,,57.09618736,30.63261803,28.10692006,29.58780048,29.58780048,,24.23062065,40.46586424,2.120383854,,35.01031261,,9.245123816,31.49328758,33.85190354,41.12015879,39.93445895,34.13992635,,40.766623,36.70565591,,22.19311749,,,,50.98035599,24.65919477,27.50639894,,31.48720236,,,,57.02236948,,,,,30.25675118,32.31077865,40.68072684,,37.30189417,38.59682721,29.81912987,32.91622179,,,,21.67563443,30.63261803,,,32.74566683,,34.98380992,22.75520169,42.33854747,36.89783605,44.51712527,14.74096614,,,,28.10692006,,0.465269292,,,37.33164674,40.03975561,40.1802857,40.03975561,38.29555472,,45.9466269,24.03794244,17.04603839,,,33.56388073,31.84761194,,29.76555721,29.58699547,89.30806983,42.5672763,30.47686451,16.7426848,,30.03663785,37.31219811,9.15712284,,55.06261206,25.5309652,4.127168072,,,,32.55051148,47.79235212,,28.54298293,,46.20946798,35.65784931,,23.59839176,,82.94242186,26.90471573,,26.63287602,52.26690662,,,2.759912221,41.12015879,,24.93080862,,31.68458903,,24.03794244,,,14.38314783,,,40.1802857,39.06438429,24.36258184,38.44489532,31.49328758,31.49024497,,,,36.36773877,21.1228195,,,24.73645352,,2.951383031,,45.09647926,38.27477551,,26.20287911,,29.82594632,35.29141051,24.03794244,,,35.15427689,29.7410428,29.7410428,,42.66882406,42.60022904,14.76401219,14.89210854,,45.77976677,29.37461103,28.95915043,29.37461103,24.97118802,,38.91730007,33.47135779,,,31.84761194,40.22312794,1.459872501,35.86502351,,15.98719597,32.79027008,38.74875911,,,,,31.37537687,,31.87589048,2.759912221,38.9065717,39.89922553,,47.06881801,,,,,31.87589048,,29.79007162,28.95915043
2011,2.622424855,55.57162216,,,,3.631329536,,,29.65388704,39.51428508,,23.97310548,27.34036032,12.09193772,15.34695291,,30.96397246,49.42740957,28.9364604,24.73380895,27.83718393,,,14.92606028,,44.87915307,13.30640255,23.0458196,,,45.60363817,35.02019498,,30.7473168,39.28456873,,,28.72784714,,35.77901377,37.84610494,,,43.96868869,62.13174889,26.14733239,,,9.708873982,33.57289366,21.53297788,45.64388821,,,33.42531273,30.15453857,36.09544498,,,57.14680873,32.03352571,27.49559352,32.77474049,32.77474049,,27.61190496,34.61037675,1.905193534,,36.18117021,,15.55569161,31.46604741,34.97163444,39.51428508,39.4969537,34.63882392,,44.72940448,37.61217059,,22.35475652,,,,53.21030553,24.7935463,27.43673851,,31.55465161,,,,56.2452483,,,,,31.8650998,31.55465161,40.66629013,,37.84610494,36.54752145,29.78982638,34.81528587,,,,24.98188208,29.31167233,,,30.66670849,,34.65537017,23.35553522,43.09128138,35.87285599,38.93126951,13.30702955,,0.067767991,,26.37339111,,0.333188951,,,37.30452172,36.34938604,36.15125064,36.34938604,39.47482774,,38.43575037,25.09267938,14.70800192,,,34.63882392,33.57289366,,30.96397246,30.13582107,90.08774106,48.81078251,34.17115263,15.39000858,,31.13396765,36.75784399,8.991900268,,57.12076228,23.02997622,4.538024771,,,,33.55845518,50.69124596,,36.23780865,,46.7564554,36.39135578,,27.68055651,,79.26415843,26.26402492,,27.49559352,50.25988115,,,2.956038083,43.54223228,,23.15785239,,31.51034951,,27.68055651,,,17.20950812,,,39.05882734,36.15125064,22.66890277,38.061522,31.46604741,31.51034951,,,,39.47962232,19.52041984,,,21.99392007,,2.163521337,,45.59933356,30.72188004,,25.26962088,,30.47984757,35.33231332,27.68055651,20.33129472,,33.10307897,30.96397246,30.96397246,,39.96169478,42.91574948,28.96749082,14.77000336,,42.85833997,29.40726208,27.68055651,29.40726208,18.24444775,,38.45206835,33.01668988,,,32.59623195,39.45119394,1.410301786,38.80567256,,14.36441291,28.72133331,39.18866133,,,,,35.30444496,6.989004665,33.57033851,2.956038083,38.43575037,36.54752145,26.89503227,49.84324042,,,,,33.26419585,,23.91235979,33.54401671
2012,3.119213993,55.40508211,,,,3.748300794,,,29.57419684,42.15187513,,22.18072214,27.36081187,13.62504368,14.63468336,,29.09138885,47.16401034,28.99073108,24.96899083,34.39886357,,,19.5311,,44.58028282,13.31020765,22.59391701,,,46.06726385,36.62628985,,25.92417018,35.35727109,29.90753147,,30.11106568,,14.62618926,36.79078642,,,43.27938426,61.32763926,24.43426338,,,9.843265413,32.84557902,23.64231634,46.21734395,,,34.86247799,31.22895591,36.1516785,,,54.65868271,32.33321873,26.5351123,32.33321873,32.33321873,,27.27960672,42.54666554,2.994940864,,36.79078642,,21.67255152,30.51653565,34.61096887,41.38576357,40.78374724,34.86247799,,44.63920467,37.8308374,,22.0906654,,7.460579955,,52.41988042,24.27835554,,,30.51653565,,,,56.69950651,,,,,34.56012915,31.48820106,41.01730661,,37.59263716,35.67866779,30.06414825,35.07096646,26.43045647,,,26.00492109,32.33321873,,,30.46724315,,34.27706502,23.5605541,45.04046084,34.58524758,47.03915478,13.6368542,,0.341445202,,22.47108127,,0.283875852,,,36.43877702,36.6114212,37.13607477,36.6114212,40.02517665,32.04168298,38.54495176,27.45299447,13.31672126,,,33.66539771,34.32045485,,30.2072455,30.25811146,90.55876122,52.12589154,36.70962111,14.64850514,,34.83880835,35.48212186,11.02385956,,58.483395,22.98471728,4.191011362,,,,34.08947788,49.52664779,,35.67866779,,46.51730973,34.28144996,11.20085686,18.05745581,,80.06594987,25.43142926,,29.1623325,50.36875109,,,2.991669642,41.38576357,,22.85071601,,31.35857849,,18.05745581,,,17.14558646,,,37.13607477,35.07096646,23.9078921,35.40891073,31.48820106,31.35857849,29.85472374,,,40.18173092,20.91804245,,44.94500156,22.66902264,,2.207796479,,45.91382927,32.32213286,,23.7200404,,29.19758629,35.62859173,18.05745581,18.52774172,,34.08947788,29.09138885,29.09138885,,39.57330565,46.15168276,24.45487529,21.90571914,,44.94069386,29.85472374,29.801916,29.85472374,42.36312539,,38.70367105,32.74433357,,,38.62733598,39.09989591,1.634744153,42.42560916,,15.18167051,30.50695952,37.3792704,,,,,34.35945974,8.166583575,33.27175557,2.991669642,35.07096646,36.08676763,26.43045647,56.61613101,,,,,33.27175557,,29.801916,35.81407311
2013,2.53572313,54.17478974,,,,4.295908426,,,29.16548314,41.70772252,,23.02320827,26.73429516,14.8616056,13.73383261,,28.59485096,49.77619919,31.1192612,24.29718376,32.39524201,,,23.03483079,,43.86051135,10.56783651,22.40551198,,,45.32449282,36.30917781,,28.11201675,38.04889407,32.56267978,,29.34409888,,,36.63425646,,,48.8635339,57.9789535,21.97237712,,,9.81737708,32.65291864,20.81587643,48.46848503,,,33.8141712,31.7283801,35.71779766,,,54.98839386,32.96617456,27.32678204,34.27858483,34.27858483,,26.46660242,42.78087462,2.088634309,,36.12661765,,17.34529684,30.01411101,33.8141712,41.25835672,40.80899092,33.8141712,,48.41175594,38.44134894,,21.87249916,,11.2329058,,52.19826011,23.88980893,,,30.01411101,,,,56.20878723,,,,,,31.7283801,39.62900431,,37.04619359,35.86528216,28.84386174,34.27858483,,,,27.30042528,34.27858483,,,31.15315233,,34.85116685,23.35192624,43.90871407,32.7253616,45.94012642,18.4751262,,0.775497578,,21.66473835,,0.34277009,,,36.16473592,37.49148792,39.11769368,37.49148792,41.68416011,,37.81092626,27.89503434,12.3556058,,,33.57632439,33.64685594,,33.46775761,30.23884676,91.28552475,55.26023788,25.26595707,14.51697566,,29.96648566,34.58537081,10.29999529,,58.38818621,21.40964105,4.840433517,,,,34.21351191,50.53840253,,36.2028542,,44.67376597,32.89558686,13.45814379,23.54607979,,81.35418052,25.18803127,,28.92545606,51.36886497,,,2.840750732,43.0223195,,24.07110645,,31.44076621,,23.54607979,,,18.76759657,,,39.11769368,35.86528216,25.72810803,35.46093678,29.23198692,31.42382065,,,,39.76745574,21.08706644,,47.48952286,23.70767388,,2.921112016,,,44.31452654,,23.7157933,,28.79170919,36.63425646,23.54607979,13.68408244,,33.14527289,28.59485096,28.59485096,,43.53268505,43.95227649,22.48144767,41.10706227,,45.70176037,28.93076,,28.93076,45.22798479,,38.30998821,32.24945983,,,34.88147314,42.34116691,1.854572672,37.07218507,34.74721155,14.77948369,,40.80899092,,,,,34.14843898,8.263178349,33.42409234,2.840750732,35.0719335,33.77292494,32.78707623,62.17583794,,,,,32.78707623,,38.13797259,
2014,2.550026172,55.58132901,,,,5.174118074,,,27.59453436,44.15907428,,23.48768857,26.59063827,17.60835864,17.83786133,,28.2187092,44.36048766,32.3505333,24.08259533,34.72825113,,,16.79478457,,42.97792421,10.7320645,21.96241994,,,42.7552267,38.5738339,,29.81945692,42.03783238,33.51344095,,29.00273518,,6.224865186,37.02585861,,,49.22281916,38.42374605,24.88542079,,,12.58461443,32.12973784,21.01359707,48.26112754,,,34.26104342,30.01606297,33.29185435,,,52.69612962,33.57374094,25.29507804,28.94071268,28.94071268,,20.5529235,42.78295187,2.427839824,,37.09300717,,34.56784451,31.77529159,34.04146504,38.287851,38.02495256,33.29185435,,45.08655169,38.33253171,,21.98527969,,12.95821773,,55.26457375,23.50600359,,,31.77529159,,,,53.61793912,,,,,36.6314963,31.90119307,44.26338536,,37.02585861,34.06409608,27.08552709,34.06409608,27.04010002,,33.92103614,25.55703693,34.05591728,,0.253478207,31.90119307,,35.53699755,24.19690038,46.12424242,37.09345561,40.50167868,16.2478464,29.79725268,6.745197651,,21.80755198,,0.491570181,33.31909193,,34.26104342,37.63178178,39.24942241,37.63178178,42.7510385,35.21449756,34.07227489,30.54231131,,,,32.96802439,33.82188666,,33.31909193,31.44947502,89.47887821,48.75443764,35.86115061,14.9120557,,37.40184198,34.96379123,10.85730227,,56.6434898,25.40978656,3.901666307,,,,33.41626644,47.07612138,,32.58634732,,44.19174307,31.47888837,12.17285684,21.61098406,2.695488415,81.24204844,25.71381662,,28.85272757,50.42363588,,,2.978667696,45.26760661,,24.64361205,,31.83824233,,21.61098406,,,18.03676375,,24.28294737,39.24942241,36.01414114,25.29507804,35.60782792,30.41915045,32.04348384,31.47888837,,,37.76205411,21.64348984,25.26548869,44.12547219,21.75825514,,2.967001589,,,48.69310389,,23.57442902,,28.80772412,36.74194927,21.61098406,15.53270472,,33.09156461,28.2187092,28.2187092,,44.37443696,45.40993959,24.83905635,39.88211975,,35.64020464,32.28522649,31.47888837,32.28522649,47.18326218,,38.31454102,32.3116761,,,39.72175496,41.71671984,3.846313195,44.65454854,32.31034162,11.88122795,,38.287851,,,,,33.82188666,8.269640201,34.39251103,2.978667696,34.05591728,33.46051169,34.32863133,58.77661184,,,,,33.19170948,,42.64534595,
2015,2.654241076,54.62769396,,,,6.740551844,,,28.00003496,39.48396096,,21.32371574,26.34902095,23.67378532,28.17618962,,31.28522089,48.35652632,28.04255034,24.84615731,35.66876599,,,19.26796282,,44.33091316,13.13975892,20.60961916,,,44.11373704,41.38673117,,27.06078057,45.88749917,34.56535694,,30.89100987,,21.2501249,36.45892046,,,48.53018018,35.31050746,25.95165308,,,22.95172876,30.67435121,33.72491455,47.66250302,,,34.51287236,30.63556035,35.95597258,,,42.66910543,34.6279281,25.77010927,28.62206934,28.62206934,,26.10781624,43.0580142,4.74339741,,37.14420957,,34.6279281,31.5339371,34.82044374,39.48396096,39.46727439,34.51287236,,44.37895539,37.86806324,,22.27684028,,10.64370459,,53.56098158,23.08472523,,,31.5339371,,,,55.16727313,,,,,36.25416527,31.5339371,47.67481676,,36.45892046,35.92927068,29.14370983,35.12801511,29.39917946,36.25416527,34.56535694,29.83300695,37.77237241,,0.553029008,31.45596321,,34.78747365,23.91128128,47.30014953,37.63183126,40.90313847,18.10335031,29.39917946,10.76774976,,21.24603114,,1.186720745,33.769573,,35.27467554,37.52581361,37.86730402,37.52581361,43.61910603,33.91613759,36.5480339,30.04202064,,,,33.71217988,34.59664252,,33.769573,28.94978937,83.6680441,51.8957885,33.20434707,22.77567564,,44.37617694,33.55535385,10.19972554,,54.00490624,30.16888639,3.914726525,,,,34.27135235,46.27788784,,31.47402942,,45.05303742,31.15794893,15.27650029,23.83196326,1.776140414,84.18482315,26.11584139,,29.03183214,49.4810221,,,2.940638257,41.46476752,,25.95004558,,31.49495015,,23.83196326,,,19.22485021,,24.35805031,37.1843232,37.86730402,25.77010927,35.27467554,31.61682743,31.30687067,33.20434707,,,38.38089378,19.41712343,26.23058417,47.42497393,21.8633629,,5.142208019,40.64987152,,43.91598208,,23.16944351,,27.54493095,35.57364013,23.83196326,13.37873171,,33.97734776,31.28522089,31.28522089,,46.40356494,49.58134969,23.02630881,40.74103295,,40.44401368,33.72491455,33.46463081,33.72491455,54.32698836,,37.72586752,31.07980425,,,37.88040244,42.65562537,5.854559215,46.00925952,35.82479512,14.48187022,,39.45058781,,,,48.04310196,40.0062673,0.982608883,34.19931902,2.940638257,35.31050746,33.10560141,35.12801511,37.64598303,,,,,33.72491455,,32.43684228,46.87865685
2016,7.055293341,55.92681301,,,,8.063090323,,,27.24161151,37.80930724,,21.65815233,26.98409367,22.40241891,43.12712304,,32.25453408,45.87893032,28.96180713,26.53534288,46.66140731,,,18.04489359,,44.2670447,12.11888327,19.01902484,,,46.16072747,42.65154201,,24.92186378,44.03606245,38.63260554,,33.70098611,,10.706626,36.49195231,,,49.69777271,34.7463159,24.25582525,,,26.81090404,29.68778434,36.46789477,46.2449181,,,36.2190285,30.59590123,36.78440627,,,48.97611291,33.13976081,28.96978171,31.62133031,31.62133031,,,39.74983719,7.100272612,,38.95104282,,32.69466655,32.42652852,35.88750944,38.27060689,38.03995707,36.07390449,,42.49727468,38.4862446,,22.46098627,,15.85526214,,50.77039627,22.01490832,37.94621823,,32.42652852,,,,52.21226521,,,,,38.28941188,32.05801972,,,36.49195231,35.47809603,20.92351023,35.70111438,29.88724949,37.47428248,36.73512075,32.93057847,35.79192224,,1.469529181,31.68951092,,34.76396178,24.17004657,48.70543778,38.02614451,40.79297273,25.01112036,,16.39566959,,21.91582798,,,35.70111438,,35.88750944,35.38559325,35.4824483,35.38559325,45.45805109,35.38071123,35.47809603,28.64237098,,,,34.2247839,35.52869969,,36.46789477,28.51873567,83.31597211,42.9448129,33.75907572,28.96978171,,51.0524199,34.17915277,9.726458944,,56.00906533,30.39553338,3.429014774,,,,35.43184464,47.35523062,,34.27287891,,44.82250744,37.00234673,23.8521175,25.07193689,2.393079713,83.47087848,26.66279208,,29.16364593,47.96555789,,,2.832608219,44.08747186,,27.38681814,,32.05801972,,25.07193689,,,25.54026721,,24.64414525,35.57930336,35.38559325,26.03488746,36.45781557,32.55500279,31.64191411,36.73512075,,,36.07390449,21.44355446,29.45916533,49.19343029,21.20134367,,4.799123961,41.11638155,,48.14902524,,22.89875534,,29.53105444,36.5488465,25.07193689,14.17818776,,33.31592668,32.93057847,32.93057847,,47.512925,49.64494206,24.26303855,40.94639293,,42.74138768,36.46789477,35.11348525,36.46789477,59.79051131,,37.77703559,30.85729969,,,44.05651318,42.52359122,7.703491171,43.31414456,34.17811006,18.69653445,,38.27060689,,,,47.22131863,44.54158364,0.655504571,33.91345932,2.832608219,34.7463159,27.23532015,32.96359494,36.2044176,,,,,34.24883141,,27.85680559,46.78183577
2017,8.598224048,53.29478882,,,,7.445482355,,,30.25226551,38.46832618,,21.11279567,27.16729457,19.48961559,43.03290622,,,,26.02003338,26.07441167,48.07216711,,,20.61480584,,43.55386562,14.52496479,20.72278277,,,44.52510313,43.11145779,,29.5075113,45.77111876,41.09022676,,33.99499961,,8.37433102,36.62809342,,,50.13239439,32.87671948,25.59483742,,,24.8565587,30.38478869,36.46496095,46.82738905,,,36.72735035,30.51362558,35.94766654,,,49.10593317,33.61884161,28.65655131,29.78496325,29.78496325,,,39.01636263,6.105219781,,38.14041613,,33.25640961,33.00827281,35.46544393,38.60809277,38.55076447,35.0421841,,43.07101536,38.57330789,,22.68084508,,14.8770918,,57.16234372,21.94102406,33.61884161,,33.00827281,,,,53.94977321,,23.7306597,,,35.29304641,32.13144834,,,36.62809342,35.72020429,29.22132291,35.29304641,29.4335817,35.14937936,35.00571232,37.34565266,38.11164367,,,31.96301962,,32.29987706,24.34526323,49.29346477,36.0780907,40.31406561,19.63362894,29.4335817,12.33628955,,21.73589305,,,35.00571232,,34.43939693,35.3430523,35.72020429,35.3430523,44.51334988,33.53146439,32.79538377,31.01609018,,,,35.0421841,35.14937936,,36.89451675,28.17169559,83.42368698,46.53425573,33.80651917,28.65655131,,48.14014599,33.12404734,9.026117946,,56.79884137,27.24510294,2.768039018,,,,35.3430523,48.54380899,,30.91337518,,44.42381486,30.00431065,19.65768113,21.27185885,2.484788462,92.01436781,26.55181089,,29.10827541,48.06967538,,,2.36635559,43.34714218,,26.86356241,,32.13144834,,22.50125927,,,25.15161466,,28.24326434,36.09735627,35.3430523,26.95622418,36.8095399,33.04332437,31.7609492,33.80651917,,,33.87308155,22.2648616,28.49965068,48.96449424,20.73808029,,5.469030187,35.29304641,,52.14506731,,19.78460226,,30.64090022,35.88870376,22.50125927,22.13728243,18.64389205,32.81723134,41.67641828,41.67641828,,48.3214044,55.64889404,24.32636163,34.80105011,,43.45727887,33.25640961,33.03682047,33.25640961,,,37.53918485,30.47653673,,,42.67666462,43.29831708,6.98278191,47.08457676,33.25716568,18.69653445,,38.49343617,,,,47.83519146,43.99257871,1.31561238,33.4109174,2.36635559,32.84697541,30.47261683,38.60809277,37.69472805,,,,,33.3336635,,36.89451675,47.06424224
2018,,53.13271925,,,,,,,33.34822011,40.07776297,,20.44333023,26.70599181,17.73861573,62.46406104,,,,26.56860426,25.95899769,,,,24.20688874,,43.55882787,13.90494552,20.91895834,,,42.25391165,44.5020549,,,48.04355979,42.67229468,,47.79951752,,11.6153908,36.76832426,,,46.89706238,,26.75295376,,,12.01354645,26.91447318,37.18496522,47.70710885,,,37.51732312,29.18839689,37.14955454,,,52.05849564,34.01140517,27.27645071,29.45830991,29.45830991,,,40.16420709,6.503295319,,37.21492788,,30.47490336,33.071086,35.29094948,42.25391165,41.16583731,33.91059914,,45.83244845,39.13532497,,23.0436611,,10.20124415,,55.61365095,21.29010914,31.55207508,,33.29288264,,,,54.82621411,,,,,37.82391621,33.071086,,,37.71654451,36.71724088,28.72274693,36.97664474,31.23628052,,37.82391621,40.86734988,35.89542409,,,30.55143834,,33.78296757,24.38815246,47.79951752,35.28397119,39.26272963,21.43941021,31.23628052,,,21.12564978,,,38.61407944,,36.99162607,38.2825389,38.2825389,38.2825389,44.33889736,,34.91621731,30.7927531,,,,33.91059914,36.95110305,,39.38914326,28.01681865,86.87207673,42.51331233,37.82391621,19.464084,,46.47055378,34.54181304,10.48823419,,58.4049129,29.06142107,2.76622839,,,,36.71724088,47.44051454,,31.6401691,,44.92398827,33.46869142,,21.15465153,1.706252385,,26.8750575,,29.38277833,45.18382277,,,3.044842791,43.14046087,,25.07646847,,31.81126217,,21.15465153,,,24.68047059,,25.11245142,39.84783692,36.71724088,27.27645071,36.76832426,33.071086,31.51913451,37.50444072,,,33.25911264,21.71425124,29.80593301,47.35321901,20.49126506,,23.16569922,34.57811645,,49.64438696,,21.08846505,,30.23295486,35.26911075,25.97370231,14.78004255,25.32069897,34.01140517,,,,46.51871151,54.80528584,,,,,34.01140517,33.7400483,34.01140517,,,37.67836959,29.96718303,,,43.01112277,42.45203155,5.668927278,39.8763615,,,,35.3127882,,,,49.12014354,43.68815713,1.263103205,33.45217706,3.044842791,34.91621731,28.23133293,44.81204653,35.40640683,,,,,34.01140517,,38.00425932,41.23497718
2019,,,,,,,,,,,,19.44529279,,,,,,,,,,,,,,43.68432859,,,,,,,,,,,,,,,,,,,,,,,,,,,,,,,,,,,,,,,,,,,,,,31.19242922,,,,,,,,,,,,,,53.86697892,,,,,,,,,,,,,,,,,,,,,,,,,,,,,,,,,,,,,,,,,,,,,,,,,,,,,,,,,,,,,,38.58031231,,,,,,,,,,,,,,,,,,,,23.97279412,,,,,,28.75986647,,,,2.497714298,,,,,,,,,,,,,,,,,,,,,,,,,,,,,,,,,,,,,,14.57658766,7.298500383,,,,,,,,,,,,,,,,,,,,,,,,,,,32.40138101,,,,,,,,2.497714298,,,,,,,,,,,,
