Country Name,Country Code,Indicator Name,Indicator Code,1960,1961,1962,1963,1964,1965,1966,1967,1968,1969,1970,1971,1972,1973,1974,1975,1976,1977,1978,1979,1980,1981,1982,1983,1984,1985,1986,1987,1988,1989,1990,1991,1992,1993,1994,1995,1996,1997,1998,1999,2000,2001,2002,2003,2004,2005,2006,2007,2008,2009,2010,2011,2012,2013,2014,2015,2016,2017,2018,2019
Aruba,ABW,Taxes on goods and services (% of revenue),GC.TAX.GSRV.RV.ZS,,,,,,,,,,,,,,,,,,,,,,,,,,,,,,,,,,,,,,,,,,,,,,,,,,,,,,,,,,,,
Afghanistan,AFG,Taxes on goods and services (% of revenue),GC.TAX.GSRV.RV.ZS,,,,,,,,,,,,,,,,,,,,,,,,,,,,,,,,,,,,,,,,,,,,,,,5.758616984,4.312935694,1.780590429,2.999526964,3.030144117,2.622424855,3.119213993,2.53572313,2.550026172,2.654241076,7.055293341,8.598224048,,
Angola,AGO,Taxes on goods and services (% of revenue),GC.TAX.GSRV.RV.ZS,,,,,,,,,,,,,,,,,,,,,,,,,,,,,,,,,,,,,,,,4.52433546,3.091564092,21.08157208,7.153502967,7.749277521,7.687416546,6.537796378,3.551998261,4.125171271,4.846148961,12.04625302,6.013950986,3.631329536,3.748300794,4.295908426,5.174118074,6.740551844,8.063090323,7.445482355,,
Albania,ALB,Taxes on goods and services (% of revenue),GC.TAX.GSRV.RV.ZS,,,,,,,,,,,,,,,,,,,,,,,,,,,,,,,,,,,,39.06978672,33.26405546,34.16402033,36.06910942,,,,43.07440695,45.67802502,48.69625951,,,,,,,55.57162216,55.40508211,54.17478974,55.58132901,54.62769396,55.92681301,53.29478882,53.13271925,
Andorra,AND,Taxes on goods and services (% of revenue),GC.TAX.GSRV.RV.ZS,,,,,,,,,,,,,,,,,,,,,,,,,,,,,,,,,,,,,,,,,,,,,,,,,,,,,,,,,,,,
Arab World,ARB,Taxes on goods and services (% of revenue),GC.TAX.GSRV.RV.ZS,,,,,,,,,,,,,,,,,,,,,,,,,,,,,,,,,,,,,,,,,,,,,,,,,,,,,,,,,,,,
United Arab Emirates,ARE,Taxes on goods and services (% of revenue),GC.TAX.GSRV.RV.ZS,,,,,,,,,,,,,,,,,,,,,,,,,,,,,,,,,,,,,,15.11897242,15.56318967,17.21818272,,,,,,,,,,,,6.989004665,8.166583575,8.263178349,8.269640201,0.982608883,0.655504571,1.31561238,1.263103205,
Argentina,ARG,Taxes on goods and services (% of revenue),GC.TAX.GSRV.RV.ZS,,,,,,,,,,,,,,,,,,,,,,,,,,,,,,,21.96024751,27.52426704,29.98210731,33.87928717,33.39614013,36.48206939,39.25377424,40.74145675,41.78904136,42.11198043,43.86411637,43.82531463,37.44587073,34.25135202,37.16692016,37.23322265,35.8916893,33.92856589,31.67697457,29.45870837,28.60367702,29.65388704,29.57419684,29.16548314,27.59453436,28.00003496,27.24161151,30.25226551,33.34822011,
Armenia,ARM,Taxes on goods and services (% of revenue),GC.TAX.GSRV.RV.ZS,,,,,,,,,,,,,,,,,,,,,,,,,,,,,,,,,,,,,,,,,,,,,31.32118082,32.26068978,30.1708626,41.05081187,43.44918958,40.57230701,42.50342505,39.51428508,42.15187513,41.70772252,44.15907428,39.48396096,37.80930724,38.46832618,40.07776297,
American Samoa,ASM,Taxes on goods and services (% of revenue),GC.TAX.GSRV.RV.ZS,,,,,,,,,,,,,,,,,,,,,,,,,,,,,,,,,,,,,,,,,,,,,,,,,,,,,,,,,,,,
Antigua and Barbuda,ATG,Taxes on goods and services (% of revenue),GC.TAX.GSRV.RV.ZS,,,,,,,,,,,,,,,,,,,,,,,,,,,,,,,,,,,,,,,,,,,,,,,,,,,,,,,,,,,,
Australia,AUS,Taxes on goods and services (% of revenue),GC.TAX.GSRV.RV.ZS,,,,,,,,,,,,,21.89941675,22.12361985,21.68448543,19.06154629,20.66638325,19.39980989,19.41106017,22.25170584,23.3736911,23.03442532,22.03640881,23.64841298,25.30225725,24.53676284,23.96558479,22.73048841,22.76012169,21.78778926,21.42076945,21.23162313,20.27928369,20.1495438,21.38702116,21.57676349,21.48978352,20.51806002,20.24275536,19.29250568,17.90589154,24.27576129,25.43344668,25.82070914,25.3209955,24.17979737,23.62786903,23.18546496,22.56326021,22.65944108,24.35742524,23.97310548,22.18072214,23.02320827,23.48768857,21.32371574,21.65815233,21.11279567,20.44333023,19.44529279
Austria,AUT,Taxes on goods and services (% of revenue),GC.TAX.GSRV.RV.ZS,,,,,,,,,,,,,28.20261667,29.76190476,28.32568202,27.26166723,28.05469784,27.24482569,25.91289956,26.0668429,25.47985475,25.36997333,25.4697286,26.23790825,27.11337725,26.91968411,26.73434516,26.8596882,25.91415801,26.1254777,25.53116993,24.83429596,24.55297571,23.96858344,25.24039343,27.06049847,27.44969109,27.85810712,27.84201555,28.03037088,28.004521,27.17599754,28.08668614,28.00875916,28.03255079,27.66515702,27.12215192,26.76932358,26.41486132,27.01840716,27.21379349,27.34036032,27.36081187,26.73429516,26.59063827,26.34902095,26.98409367,27.16729457,26.70599181,
Azerbaijan,AZE,Taxes on goods and services (% of revenue),GC.TAX.GSRV.RV.ZS,,,,,,,,,,,,,,,,,,,,,,,,,,,,,,,,,,,30.45169521,33.92186934,26.78340652,40.28324364,37.30983282,39.16282958,,,,,,,,,12.64781387,17.81224669,13.55322037,12.09193772,13.62504368,14.8616056,17.60835864,23.67378532,22.40241891,19.48961559,17.73861573,
Burundi,BDI,Taxes on goods and services (% of revenue),GC.TAX.GSRV.RV.ZS,,,,,,,,,,,,,,13.37147701,13.73276776,14.12113807,11.772377,14.37735465,16.72743847,24.35249779,24.66684797,27.28628231,,,,,,,,,,25.70979888,25.68032011,25.35110765,32.69617706,30.27698037,31.08223954,36.76971072,32.97278921,37.98740923,,,,,,,,,,,,,,,,,,,,
Belgium,BEL,Taxes on goods and services (% of revenue),GC.TAX.GSRV.RV.ZS,,,,,,,,,,,,,,,,,,,,,,,,,,,,,,,,,,,,25.441378,26.13262168,26.19824376,25.86380399,26.89155881,26.74379396,25.62386718,24.23215648,24.58611821,25.14467148,25.25619075,25.35377421,25.41102237,24.44099985,25.11810517,25.37908328,24.73380895,24.96899083,24.29718376,24.08259533,24.84615731,26.53534288,26.07441167,25.95899769,
Benin,BEN,Taxes on goods and services (% of revenue),GC.TAX.GSRV.RV.ZS,,,,,,,,,,,,,,,,,,9.612362493,10.44042724,8.503631524,,,,,,,,,,,,,,,,,,,,,,,,,,,,,,,,,,,,,,,,
Burkina Faso,BFA,Taxes on goods and services (% of revenue),GC.TAX.GSRV.RV.ZS,,,,,,,,,,,,,,,,,,,,,,,,,,,,,,,,,,,,,,,,,,,37.3689477,33.8215748,37.86411627,37.29562516,34.24016088,33.0848629,38.65520916,36.67342943,36.17690597,35.02019498,36.62628985,36.30917781,38.5738339,41.38673117,42.65154201,43.11145779,44.5020549,
Bangladesh,BGD,Taxes on goods and services (% of revenue),GC.TAX.GSRV.RV.ZS,,,,,,,,,,,,,,,,,,,,,,,,,,,,,,,,,,,,,,,,,,24.82917924,25.18764075,32.35985767,28.94877543,27.49813923,28.60587854,28.1825696,27.61461607,28.75832228,29.7410428,30.96397246,29.09138885,28.59485096,28.2187092,31.28522089,32.25453408,,,
Bulgaria,BGR,Taxes on goods and services (% of revenue),GC.TAX.GSRV.RV.ZS,,,,,,,,,,,,,,,,,,,,,,,,,,,,,,,17.71752549,16.92881791,14.27396764,18.29031029,28.16157022,,,,,,,,,,,42.89022907,46.24492722,42.65854374,44.9986715,42.5149032,44.93879281,45.60363817,46.06726385,45.32449282,42.7552267,44.11373704,46.16072747,44.52510313,42.25391165,
Bahrain,BHR,Taxes on goods and services (% of revenue),GC.TAX.GSRV.RV.ZS,,,,,,,,,,,,,,,1.021276596,1.550387597,2.249598286,2.273618189,1.387367652,1.873151495,1.36863361,1.509504286,1.96679899,2.50764526,2.848948375,3.250831178,3.80600261,3.937198068,4.198280223,4.310344828,3.778541119,3.646038628,4.321848237,4.68666785,4.750778816,5.366027008,4.479495268,3.5,4.024544306,3.342981187,2.333087422,2.4145469,2.554353125,2.681691125,2.453620586,,,,,,,,,,,,,,,
"Bahamas, The",BHS,Taxes on goods and services (% of revenue),GC.TAX.GSRV.RV.ZS,,,,,,,,,,,,,,,,,,,,,,,,,,,,,,,,,4.789522919,2.822201317,5.005744297,8.75359685,5.23552574,5.618408042,6.620929177,5.401964644,12.70859543,10.22294725,11.50261823,9.577183442,12.40175634,16.3188256,26.12498916,29.09428658,11.08694009,28.39209645,28.64619798,15.34695291,14.63468336,13.73383261,17.83786133,28.17618962,43.12712304,43.03290622,62.46406104,
Bosnia and Herzegovina,BIH,Taxes on goods and services (% of revenue),GC.TAX.GSRV.RV.ZS,,,,,,,,,,,,,,,,,,,,,,,,,,,,,,,,,,,,,,,,,,,,,,22.67168518,50.60084198,49.38663752,46.34197991,43.30554631,44.85980603,44.87915307,44.58028282,43.86051135,42.97792421,44.33091316,44.2670447,43.55386562,43.55882787,43.68432859
Belarus,BLR,Taxes on goods and services (% of revenue),GC.TAX.GSRV.RV.ZS,,,,,,,,,,,,,,,,,,,,,,,,,,,,,,,,,38.98305085,31.93591455,35.35792488,33.18117477,37.44875991,41.11614933,37.95857694,37.91548381,38.80325829,36.44829427,36.07239218,34.43745628,34.56478342,33.58006881,38.32403692,34.19328021,30.17449417,28.83593592,32.31075288,28.9364604,28.99073108,31.1192612,32.3505333,28.04255034,28.96180713,26.02003338,26.56860426,
Belize,BLZ,Taxes on goods and services (% of revenue),GC.TAX.GSRV.RV.ZS,,,,,,,,,,,,,,,,,,,,,,,,,,,,,,,9.196981329,8.864276924,8.092134992,11.38266746,13.33059564,15.99707256,36.01346104,33.06511717,30.5245734,23.35015838,28.08604867,28.36530376,27.27973952,26.7923029,29.98067162,32.96231977,34.96482203,32.26880138,31.45814007,30.70031917,32.42503402,27.83718393,34.39886357,32.39524201,34.72825113,35.66876599,46.66140731,48.07216711,,
Bermuda,BMU,Taxes on goods and services (% of revenue),GC.TAX.GSRV.RV.ZS,,,,,,,,,,,,,,,,,,,,,,,,,,,,,,,,,,,,,,,,,,,,,,,,,,,,,,,,,,,,
Bolivia,BOL,Taxes on goods and services (% of revenue),GC.TAX.GSRV.RV.ZS,,,,,,,,,,,,,,,,,,,,,,,,,,60.12903226,35.69877615,30.34758222,35.5509211,35.34230879,34.58342493,36.98983656,39.01735606,34.99817297,43.35823136,45.01741319,50.20564666,53.73028351,52.91163764,43.75117166,50.42090924,48.64667469,47.7814564,45.56258774,45.30627124,48.20846464,33.11541355,49.30806143,,,,,,,,,,,,
Brazil,BRA,Taxes on goods and services (% of revenue),GC.TAX.GSRV.RV.ZS,,,,,,,,,,,,,,,,,,,,,,,,,,,,,,,24.16985115,21.24016164,17.99763203,19.12334353,24.35739721,,,22.89513717,32.60143404,37.16801785,39.80315287,40.52066357,40.6483489,41.85339405,43.09446963,41.52291838,31.72363108,31.92234727,27.13438505,28.41389768,23.14577725,23.0458196,22.59391701,22.40551198,21.96241994,20.60961916,19.01902484,20.72278277,20.91895834,
Barbados,BRB,Taxes on goods and services (% of revenue),GC.TAX.GSRV.RV.ZS,,,,,,,,,,,,,,,,,,,,,,,,,,,,,,,,,,,,,,,,,,,,40.74288091,44.35581583,45.86188581,44.45102289,43.03306108,41.95522083,39.60817192,44.68758153,49.42740957,47.16401034,49.77619919,44.36048766,48.35652632,45.87893032,,,
Brunei Darussalam,BRN,Taxes on goods and services (% of revenue),GC.TAX.GSRV.RV.ZS,,,,,,,,,,,,,,,,,,,,,,,,,,,,,,,,,,,,,,,,,,,,,,,,,,,,,,,,,,,,
Bhutan,BTN,Taxes on goods and services (% of revenue),GC.TAX.GSRV.RV.ZS,,,,,,,,,,,,,,,,,,,,,,,10.79180064,,12.40940877,9.25178516,9.508020432,,8.810672722,9.060402685,10.7430428,11.19657625,11.79544015,10.43088976,9.95792891,9.499495006,8.652472621,6.965445117,10.63768313,6.824035591,10.81764721,6.342173316,10.40723508,17.38321959,7.232258241,11.78502133,12.28751283,8.85298216,10.22849172,10.38537036,12.25700473,14.92606028,19.5311,23.03483079,16.79478457,19.26796282,18.04489359,20.61480584,24.20688874,
Botswana,BWA,Taxes on goods and services (% of revenue),GC.TAX.GSRV.RV.ZS,,,,,,,,,,,,,,,,,,,,,,,,,,,,,,,1.89483529,2.08566108,3.054989817,2.82261889,4.177729367,4.474103143,3.786023991,,,,,,,,,,8.828866887,10.71285387,15.21360267,13.92346129,15.38800991,13.30640255,13.31020765,10.56783651,10.7320645,13.13975892,12.11888327,14.52496479,13.90494552,
Central African Republic,CAF,Taxes on goods and services (% of revenue),GC.TAX.GSRV.RV.ZS,,,,,,,,,,,,,,,,,,,,,,,,,,,,,,,,,,,,,,,,,,,,,24.78053537,,,,33.62920121,28.68888446,31.29743038,35.77901377,14.62618926,,6.224865186,21.2501249,10.706626,8.37433102,11.6153908,
Canada,CAN,Taxes on goods and services (% of revenue),GC.TAX.GSRV.RV.ZS,,,,,,,,,,,,,,,,,,,,,,,,,,,,,,,,,,,,,,,,,,,,,,,,,,,,,,,,,,,,
Central Europe and the Baltics,CEB,Taxes on goods and services (% of revenue),GC.TAX.GSRV.RV.ZS,,,,,,,,,,,,,,,,,,,,,,,,,,,,,,,,25.06369702,27.40430072,29.77065613,32.08964476,30.51045248,31.63144048,31.11408942,32.79496045,33.85714114,33.28240003,34.01704324,33.95400359,34.30041185,35.54222063,37.10763954,36.35219204,34.61825667,33.45432149,34.4144315,36.36773877,37.84610494,36.79078642,36.63425646,37.02585861,36.45892046,36.49195231,36.62809342,36.76832426,
Switzerland,CHE,Taxes on goods and services (% of revenue),GC.TAX.GSRV.RV.ZS,,,,,,,,,,,,,23.06448014,21.0269174,19.82591876,18.67157822,18.07141874,19.1340735,19.52155843,20.18622902,20.33716963,20.73375149,20.60773756,21.37034484,21.17734659,,,,,,31.39335268,30.36652959,28.81604736,28.97953792,27.70239547,30.65392529,29.55580411,30.68232844,31.52860757,33.96365658,33.48793381,34.58536593,33.30824658,33.70900692,34.56594948,34.45661226,34.16340908,33.73587456,32.93455923,32.72735853,33.47135779,33.01668988,32.74433357,32.24945983,32.3116761,31.07980425,30.85729969,30.47653673,29.96718303,
Channel Islands,CHI,Taxes on goods and services (% of revenue),GC.TAX.GSRV.RV.ZS,,,,,,,,,,,,,,,,,,,,,,,,,,,,,,,,,,,,,,,,,,,,,,,,,,,,,,,,,,,,
Chile,CHL,Taxes on goods and services (% of revenue),GC.TAX.GSRV.RV.ZS,,,,,,,,,,,,,,31.5625,31.71206226,31.07779579,36.79949559,37.07057108,36.20971403,33.51424157,34.61098877,39.488126,42.73961444,39.34598173,40.28413372,39.96514278,43.62648059,43.47107871,42.30234941,40.26766964,43.48605149,43.82824671,44.94572933,45.73767061,46.30862005,45.44284099,46.34064514,46.29948271,46.51833823,46.9477829,47.08562732,46.89099794,49.15025337,49.04404569,45.25747158,41.27135327,34.36518618,34.34201873,39.07812297,45.83743028,45.05875642,43.96868869,43.27938426,48.8635339,49.22281916,48.53018018,49.69777271,50.13239439,46.89706238,
China,CHN,Taxes on goods and services (% of revenue),GC.TAX.GSRV.RV.ZS,,,,,,,,,,,,,,,,,,,,,,,,,,,,,,,,,,,,,,,,,,,,,,77.68765996,56.78959219,37.73707808,56.86332561,60.11020983,63.37455078,62.13174889,61.32763926,57.9789535,38.42374605,35.31050746,34.7463159,32.87671948,,
Cote d'Ivoire,CIV,Taxes on goods and services (% of revenue),GC.TAX.GSRV.RV.ZS,,,,,,,,,,,,,,,,,,,,,,,,,,,,,,,,,,,,14.38109461,,,,,,23.40712161,22.05806885,19.66109564,18.26943671,19.4866133,18.41263039,15.76067978,17.3370947,22.90712064,21.18655209,21.53297788,23.64231634,20.81587643,21.01359707,33.72491455,36.46789477,36.46496095,37.18496522,
Cameroon,CMR,Taxes on goods and services (% of revenue),GC.TAX.GSRV.RV.ZS,,,,,,,,,,,,,,,,,,,,,,,,,,,,,,,22.24476139,19.09521928,17.52737392,20.67657428,23.94238256,25.77999776,,,21.76015586,26.62831716,,,,,,,,,,,,,29.90753147,32.56267978,33.51344095,34.56535694,38.63260554,41.09022676,42.67229468,
"Congo, Dem. Rep.",COD,Taxes on goods and services (% of revenue),GC.TAX.GSRV.RV.ZS,,,,,,,,,,,,,,,,,,,,,,,,,,,,,,,,,,,,,,,,,,,,,,,,,,,,,,,,,,,,
"Congo, Rep.",COG,Taxes on goods and services (% of revenue),GC.TAX.GSRV.RV.ZS,,,,,,,,,,,,,,,,,,,,,,,,,,,,,,,,,,,,,,,,,,22.60828177,21.05836576,16.69111654,10.04821343,7.076434919,5.158449747,6.934103748,4.63856317,12.72779382,5.480916792,9.708873982,9.843265413,9.81737708,12.58461443,22.95172876,26.81090404,24.8565587,12.01354645,
Colombia,COL,Taxes on goods and services (% of revenue),GC.TAX.GSRV.RV.ZS,,,,,,,,,,,,,,,,,,,,,,,,,,,,,,,,,,,,,,,27.58832296,,,,,23.99610963,,,,,28.73448699,26.93813151,27.29317204,26.14733239,24.43426338,21.97237712,24.88542079,25.95165308,24.25582525,25.59483742,26.75295376,
Comoros,COM,Taxes on goods and services (% of revenue),GC.TAX.GSRV.RV.ZS,,,,,,,,,,,,,,,,,,,,,,,,,,,,,,,,,,,,,,,,,,,,,,,,,,,,,,,,,,,,
Cabo Verde,CPV,Taxes on goods and services (% of revenue),GC.TAX.GSRV.RV.ZS,,,,,,,,,,,,,,,,,,,,,,,,,,,,,,,,,,,,,,,,,,,,,,41.09008332,29.92276419,32.36966065,31.78406184,27.33157905,27.18941665,30.7473168,25.92417018,28.11201675,29.81945692,27.06078057,24.92186378,29.5075113,,
Costa Rica,CRI,Taxes on goods and services (% of revenue),GC.TAX.GSRV.RV.ZS,,,,,,,,,,,,,37.3015873,40.12345679,32.24489796,31.02310231,30.95890411,32.80182232,29.91304348,28.48101266,31.0298103,26.20215898,25.71931885,31.3055852,31.33589885,30.28529627,28.33577713,26.54109589,18.20565435,17.33615222,27.55592378,27.86118632,35.20557677,33.3153406,32.27566756,32.44969584,39.7787092,39.39270463,40.09625914,38.62252242,39.62097455,39.86305126,,,38.04559211,37.81557267,37.15126979,38.3532831,37.44949963,32.83422408,33.04217349,33.57289366,32.84557902,32.65291864,32.12973784,30.67435121,29.68778434,30.38478869,26.91447318,
Caribbean small states,CSS,Taxes on goods and services (% of revenue),GC.TAX.GSRV.RV.ZS,,,,,,,,,,,,,,,,,,,,,,,,,,,,,28.32258907,24.97397691,24.86700336,27.06447116,30.84389427,35.99351496,35.21252284,37.24012775,36.52831482,36.82858838,38.38617147,36.44939634,36.19974836,30.67257618,32.23622507,28.85490516,29.42851905,26.2427484,26.18971274,25.59546785,24.83859941,26.21377407,29.16287172,28.72784714,30.11106568,29.34409888,29.00273518,30.89100987,33.70098611,33.99499961,47.79951752,
Cuba,CUB,Taxes on goods and services (% of revenue),GC.TAX.GSRV.RV.ZS,,,,,,,,,,,,,,,,,,,,,,,,,,,,,,,,,,,,,,,,,,,,,,,,,,,,,,,,,,,,
Curacao,CUW,Taxes on goods and services (% of revenue),GC.TAX.GSRV.RV.ZS,,,,,,,,,,,,,,,,,,,,,,,,,,,,,,,,,,,,,,,,,,,,,,,,,,,,,,,,,,,,
Cayman Islands,CYM,Taxes on goods and services (% of revenue),GC.TAX.GSRV.RV.ZS,,,,,,,,,,,,,,,,,,,,,,,,,,,,,,,,,,,,,,,,,,,,,,,,,,,,,,,,,,,,
Cyprus,CYP,Taxes on goods and services (% of revenue),GC.TAX.GSRV.RV.ZS,,,,,,,,,,,,,23.87774594,27.72342895,24.16557592,19.85932356,18.29733164,16.65104948,23.2459624,27.48572265,22.80711859,19.8750123,19.70339823,20.15866417,20.17612695,20.42015082,19.05722326,19.06684904,18.93758399,19.01056494,18.26311046,18.18821873,21.97175044,25.77440211,28.82104085,27.70738599,27.77253624,27.24198397,28.80678422,28.44860999,30.8044316,31.15606467,31.97718731,35.48550976,38.14717365,36.81988917,36.58810135,35.14747995,36.45674797,34.71104061,34.13992635,33.42531273,34.86247799,33.8141712,34.26104342,34.51287236,36.2190285,36.72735035,37.51732312,
Czech Republic,CZE,Taxes on goods and services (% of revenue),GC.TAX.GSRV.RV.ZS,,,,,,,,,,,,,,,,,,,,,,,,,,,,,,,,,,31.7142627,32.05093859,30.51045248,31.63144048,31.02022996,30.84254412,32.51687547,31.88498359,26.77486953,26.08976813,23.66912161,27.50957953,27.62248336,26.70917145,27.11989707,26.87971049,28.45892705,28.79774567,30.15453857,31.22895591,31.7283801,30.01606297,30.63556035,30.59590123,30.51362558,29.18839689,
Germany,DEU,Taxes on goods and services (% of revenue),GC.TAX.GSRV.RV.ZS,,,,,,,,,,,,,28.33061185,26.59126558,24.60439392,24.53936042,23.90563478,23.02973244,23.65209989,24.15391134,23.1130635,22.75817775,21.39541661,21.99088608,23.34724858,22.31545138,21.85745816,22.4198867,22.62349591,23.1126844,23.84788684,23.87722842,23.1017525,23.1155032,23.62135509,21.79282779,20.40139538,20.03180696,20.34494651,21.37323293,21.60695186,22.13827584,22.34056806,22.30296921,22.13882166,22.78915597,22.70824672,24.02152255,23.8904721,24.59155521,24.65919477,24.7935463,24.27835554,23.88980893,23.50600359,23.08472523,22.01490832,21.94102406,21.29010914,
Djibouti,DJI,Taxes on goods and services (% of revenue),GC.TAX.GSRV.RV.ZS,,,,,,,,,,,,,,,,,,,,,,,,,,,,,,,,,,,,,,,,,,,,,,,,,,,,,,,,,,,,
Dominica,DMA,Taxes on goods and services (% of revenue),GC.TAX.GSRV.RV.ZS,,,,,,,,,,,,,,,,,,,,,,,,,,,,,,,,,,,,,,,,,,,,,,,,,,,,,,,,,,,,
Denmark,DNK,Taxes on goods and services (% of revenue),GC.TAX.GSRV.RV.ZS,,,,,,,,,,,,,43.40091099,45.80910316,41.1137705,43.00693411,44.61945413,48.80756355,49.32493165,50.19903676,47.69912224,47.14187328,46.02092571,44.78126041,43.03344573,41.95904978,43.40766782,42.64363638,42.48505565,41.2915052,41.62736553,41.08525443,39.87327969,38.15149791,39.27014958,38.40295142,38.87604603,39.76689648,41.60584739,41.44164926,39.66766034,40.65477488,41.8987778,41.47730502,40.05359563,39.15110896,40.29593542,38.70038582,37.13843798,37.33827033,36.5745564,36.09544498,36.1516785,35.71779766,33.29185435,35.95597258,36.78440627,35.94766654,37.14955454,
Dominican Republic,DOM,Taxes on goods and services (% of revenue),GC.TAX.GSRV.RV.ZS,,,,,,,,,,,,,19.2992533,18.34196891,16.75015027,16.14788835,21.96110211,23.64069715,23.93992933,25.15370952,22.06364309,26.08474749,33.37405326,31.51171043,33.96435644,34.41993131,34.73589607,26.00404225,21.23000563,20.15606164,22.97097683,21.01378358,26.15345482,28.33883336,33.9832993,34.19341281,34.02764567,34.81142069,35.68343842,30.15786502,25.65260852,35.34665847,35.61347968,41.9051949,41.21020908,47.87976767,53.90047437,55.76248685,57.816083,57.14098127,57.09618736,57.14680873,54.65868271,54.98839386,52.69612962,42.66910543,48.97611291,49.10593317,52.05849564,
Algeria,DZA,Taxes on goods and services (% of revenue),GC.TAX.GSRV.RV.ZS,,,,,,,,,,,,,,,,,,,,,,,,,,,,,,,,,,,,,,,,,,,,,,,,,,,,,,,,,,,,
East Asia & Pacific (excluding high income),EAP,Taxes on goods and services (% of revenue),GC.TAX.GSRV.RV.ZS,,,,,,,,,,,,,,,,,,,,,,,,,,,,,,,,,26.57763664,26.8496195,27.84388664,,27.03444072,28.21210772,26.39064123,28.17176062,30.22097236,26.09021283,27.82777164,32.14952844,28.20980842,33.81532113,,,27.14888423,30.19499113,29.58780048,32.77474049,32.33321873,34.27858483,28.94071268,28.62206934,31.62133031,29.78496325,29.45830991,
Early-demographic dividend,EAR,Taxes on goods and services (% of revenue),GC.TAX.GSRV.RV.ZS,,,,,,,,,,,,,,,,,,,,,,,,,,,,,,,27.30274688,30.1279354,32.67607058,,,,,,,,,,29.81141676,32.35985767,34.91582331,35.378837,34.86355057,,31.90598411,30.52403754,30.63261803,32.03352571,32.33321873,32.96617456,33.57374094,34.6279281,33.13976081,33.61884161,34.01140517,
East Asia & Pacific,EAS,Taxes on goods and services (% of revenue),GC.TAX.GSRV.RV.ZS,,,,,,,,,,,,,,,,,,,,,,,,,,,,,,,,,25.95493286,24.86434583,27.84388664,,27.03444072,28.21210772,26.39064123,28.17176062,28.93564191,27.04402357,29.2214015,30.09355275,29.08580055,29.58000165,27.9118438,25.88560409,25.98612066,28.73201376,28.10692006,27.49559352,26.5351123,27.32678204,25.29507804,25.77010927,28.96978171,28.65655131,27.27645071,
Europe & Central Asia (excluding high income),ECA,Taxes on goods and services (% of revenue),GC.TAX.GSRV.RV.ZS,,,,,,,,,,,,,,,,,,,,,,,,,,,,,,,,,,,,,,,,,,,,,,,,42.34308893,39.6889842,39.8409712,41.12015879,39.51428508,41.38576357,41.25835672,38.287851,39.48396096,38.27060689,38.60809277,42.25391165,
Europe & Central Asia,ECS,Taxes on goods and services (% of revenue),GC.TAX.GSRV.RV.ZS,,,,,,,,,,,,,,,,,,,,,,,,,,,,,,,,,,,32.15058749,33.18117477,33.03584693,32.96564464,34.01182103,34.483872,33.24318872,33.85647431,33.84531666,33.94353255,34.56536645,34.11264226,34.61763111,34.19328021,33.33604523,33.58027671,33.85190354,34.97163444,34.61096887,33.8141712,34.04146504,34.82044374,35.88750944,35.46544393,35.29094948,
Ecuador,ECU,Taxes on goods and services (% of revenue),GC.TAX.GSRV.RV.ZS,,,,,,,,,,,,,,,,,,,,,,,,,,,,,,,,,,,,,,,,,,,,,,,,,,,,,,,,,,,,
"Egypt, Arab Rep.",EGY,Taxes on goods and services (% of revenue),GC.TAX.GSRV.RV.ZS,,,,,,,,,,,,,,,,11.18568233,11.75742574,10.81490457,12.25516146,15.95232638,,9.071329026,9.510750329,12.72167258,12.48431094,12.07248018,11.18049165,11.69379144,11.23901537,11.76391623,13.23860978,10.10951041,13.49194954,13.13866067,12.53393867,13.34301609,16.10049331,16.81551416,,,,,22.13885044,21.50083002,21.6467817,23.88045554,19.90929368,19.39985782,20.20663117,21.90164016,24.23062065,27.61190496,27.27960672,26.46660242,20.5529235,26.10781624,,,,
Euro area,EMU,Taxes on goods and services (% of revenue),GC.TAX.GSRV.RV.ZS,,,,,,,,,,,,,,33.7836863,32.8505088,30.16720222,29.82731554,30.3030303,30.63477461,30.34482759,30.05633803,29.274904,30.10522561,30.08489776,29.41368788,29.78175205,29.57304013,29.68007612,30.24296244,30.18995899,30.14323729,31.1102915,27.09830543,28.38709677,32.15058749,31.17437087,32.64868005,32.35717269,30.4258383,31.86235982,30.57489935,31.22882351,32.33794157,32.57948642,32.39934651,33.24864125,32.18452043,32.71817593,31.74908561,30.76663251,31.49328758,31.46604741,30.51653565,30.01411101,31.77529159,31.5339371,32.42652852,33.00827281,33.071086,
Eritrea,ERI,Taxes on goods and services (% of revenue),GC.TAX.GSRV.RV.ZS,,,,,,,,,,,,,,,,,,,,,,,,,,,,,,,,,,,,,,,,,,,,,,,,,,,,,,,,,,,,
Spain,ESP,Taxes on goods and services (% of revenue),GC.TAX.GSRV.RV.ZS,,,,,,,,,,,,,,,,,,,,,,,,,,,,,,,,,,,,35.91591989,36.9761451,37.86793795,39.5887242,41.12590436,41.18116456,40.27060124,40.86276333,43.03507381,43.59118914,42.92416607,41.31751134,37.83569876,39.69411284,38.64245612,42.66882406,39.96169478,39.57330565,43.53268505,44.37443696,46.40356494,47.512925,48.3214044,46.51871151,
Estonia,EST,Taxes on goods and services (% of revenue),GC.TAX.GSRV.RV.ZS,,,,,,,,,,,,,,,,,,,,,,,,,,,,,,,,39.40769563,33.96895511,37.6128324,39.41376727,31.17437087,34.63942663,35.04060703,32.43626062,32.02248962,34.26664186,35.81021088,35.27936909,33.74086096,35.63309246,37.10763954,37.79453083,37.20980027,33.3760935,34.4144315,35.01031261,36.18117021,36.79078642,36.12661765,37.09300717,37.14420957,38.95104282,38.14041613,37.21492788,
Ethiopia,ETH,Taxes on goods and services (% of revenue),GC.TAX.GSRV.RV.ZS,,,,,,,,,,,,,,,,,,,,,,,,,,,,,,,24.31525284,26.51045422,22.54693665,20.75698144,16.64617707,13.30741349,13.8558101,16.58214728,17.31684422,16.08274185,,9.838655186,12.63409401,12.02419466,10.10654831,10.64383112,17.04759462,15.74369753,12.58932477,10.88944271,9.245123816,15.55569161,21.67255152,17.34529684,34.56784451,34.6279281,32.69466655,33.25640961,30.47490336,31.19242922
European Union,EUU,Taxes on goods and services (% of revenue),GC.TAX.GSRV.RV.ZS,,,,,,,,,,,,,,,,,,,,,,30.33370782,30.3868374,30.98014072,31.25199957,30.05110343,29.61437047,29.68007612,30.28420957,31.29597582,31.33194683,26.2766676,27.40430072,29.77065613,32.08964476,30.84241168,32.14006026,31.73563105,32.61561054,32.77304304,32.03196774,32.87580561,32.67242268,33.08453542,34.91312237,35.51049618,35.07185313,33.91619696,33.33604523,33.5795386,34.13992635,34.63882392,34.86247799,33.8141712,33.29185435,34.51287236,36.07390449,35.0421841,33.91059914,
Fragile and conflict affected situations,FCS,Taxes on goods and services (% of revenue),GC.TAX.GSRV.RV.ZS,,,,,,,,,,,,,,,,,,,,,,,,,,,,,,,,,,,,,,,,,,,,,,,,,,,,,,,,,,,,
Finland,FIN,Taxes on goods and services (% of revenue),GC.TAX.GSRV.RV.ZS,,,,,,,,,,,,,48.51023018,46.1404408,43.99881792,42.51521717,40.04106214,43.92787697,48.74474944,50.86048746,50.16637048,49.1375448,49.72430934,50.03701813,48.77705774,47.68231709,45.54379398,48.35966395,48.18505909,49.81218483,48.13602506,47.73146627,44.6679807,43.26183731,42.70461609,32.00988947,32.80763841,35.54829177,35.28079145,36.16498446,33.27396053,33.69590538,34.30407817,36.03919066,35.67590873,35.51049618,35.07185313,33.91619696,33.33604523,36.13886076,36.70565591,37.61217059,37.8308374,38.44134894,38.33253171,37.86806324,38.4862446,38.57330789,39.13532497,
Fiji,FJI,Taxes on goods and services (% of revenue),GC.TAX.GSRV.RV.ZS,,,,,,,,,,,,,,,,,,,,,,,,,,,,,,,14.38986384,16.0702387,24.28949842,31.67507177,31.61645891,31.35785426,32.31691602,,,,,,,,42.36063812,41.77920931,42.22242928,,,,40.766623,44.72940448,44.63920467,48.41175594,45.08655169,44.37895539,42.49727468,43.07101536,45.83244845,
France,FRA,Taxes on goods and services (% of revenue),GC.TAX.GSRV.RV.ZS,,,,,,,,,,,,,38.8256441,37.88951462,35.60655738,34.4887684,34.00764575,32.04577969,32.84165406,33.07504511,31.48625812,30.51953095,30.6684492,30.08489776,29.41368788,29.78175205,29.57304013,29.68007612,29.56401603,28.99809909,28.3999177,26.94517194,26.7915788,26.73626562,27.73142499,26.39660172,26.67316469,26.65966081,26.63746553,26.43348755,25.87334364,25.02947139,25.42008626,25.50828407,25.04246413,24.58572369,24.09915955,23.55267417,22.89950892,22.94149769,22.19311749,22.35475652,22.0906654,21.87249916,21.98527969,22.27684028,22.46098627,22.68084508,23.0436611,
Faroe Islands,FRO,Taxes on goods and services (% of revenue),GC.TAX.GSRV.RV.ZS,,,,,,,,,,,,,,,,,,,,,,,,,,,,,,,,,,,,,,,,,,,,,,,,,,,,,,,,,,,,
"Micronesia, Fed. Sts.",FSM,Taxes on goods and services (% of revenue),GC.TAX.GSRV.RV.ZS,,,,,,,,,,,,,,,,,,,,,,,,,,,,,,,,,,,,,,,,,,,,,,,,,5.715860814,4.485217013,4.127168072,4.538024771,4.191011362,4.840433517,3.901666307,3.914726525,3.429014774,2.768039018,2.76622839,
Gabon,GAB,Taxes on goods and services (% of revenue),GC.TAX.GSRV.RV.ZS,,,,,,,,,,,,,,,,,,,,,,,,,,,,,,,,,,,,,,,,,,,,,,,,,,,,,7.460579955,11.2329058,12.95821773,10.64370459,15.85526214,14.8770918,10.20124415,
United Kingdom,GBR,Taxes on goods and services (% of revenue),GC.TAX.GSRV.RV.ZS,,,,,,,,,,,,,28.13865013,27.32538036,25.66272431,24.53762755,24.84821024,25.20589467,25.64135198,26.20713242,28.46544939,27.86251691,28.57860979,29.53116041,30.51432716,31.03106313,32.04559893,30.43527575,31.19302323,30.38931726,28.35360284,29.27766745,31.1508712,32.21582195,33.01066206,33.83873322,34.35360104,34.4356549,33.79277963,34.483872,33.50762609,32.98814093,34.07653678,34.14620414,33.08662361,30.93599661,31.27770283,31.1703485,29.14207866,29.70723107,31.87589048,33.57033851,33.27175557,33.42409234,34.39251103,34.19931902,33.91345932,33.4109174,33.45217706,
Georgia,GEO,Taxes on goods and services (% of revenue),GC.TAX.GSRV.RV.ZS,,,,,,,,,,,,,,,,,,,,,,,,,,,,,,,,,,,,,,48.03448276,42.76521739,50.76813656,57.18525461,57.63879508,60.94431294,54.02335798,46.84632697,57.95300497,50.65739532,55.95071735,46.89453939,50.74028879,50.98035599,53.21030553,52.41988042,52.19826011,55.26457375,53.56098158,50.77039627,57.16234372,55.61365095,53.86697892
Ghana,GHA,Taxes on goods and services (% of revenue),GC.TAX.GSRV.RV.ZS,,,,,,,,,,,,,,,,,,,,,,,,,,,,,,,26.82869349,35.29184374,35.16603232,30.77394678,,,,,,,,14.80272546,20.90999248,33.50608629,34.91582331,35.90354124,36.55870437,33.83689461,33.0778529,29.34761485,27.50639894,27.43673851,,,,,37.94621823,33.61884161,31.55207508,
Gibraltar,GIB,Taxes on goods and services (% of revenue),GC.TAX.GSRV.RV.ZS,,,,,,,,,,,,,,,,,,,,,,,,,,,,,,,,,,,,,,,,,,,,,,,,,,,,,,,,,,,,
Guinea,GIN,Taxes on goods and services (% of revenue),GC.TAX.GSRV.RV.ZS,,,,,,,,,,,,,,,,,,,,,,,,,,,,,,,12.29653703,18.40742091,20.48052556,,,,,,,,,,,,,,,,,,,,,,,,,,,
"Gambia, The",GMB,Taxes on goods and services (% of revenue),GC.TAX.GSRV.RV.ZS,,,,,,,,,,,,,,,,,,,,,,,,,,,,,,,28.28729971,34.35205522,39.84865398,32.09576943,,,,,,,,34.9538631,32.19441771,38.96981891,36.13981903,42.3840394,52.32221388,38.63693865,38.11291529,31.6031941,,,,,,,,,,
Guinea-Bissau,GNB,Taxes on goods and services (% of revenue),GC.TAX.GSRV.RV.ZS,,,,,,,,,,,,,,,,,,,,,,,,,,,,,,,,,,,,,,,,,,,,,,,,,,,,,,,,,,23.7306597,,
Equatorial Guinea,GNQ,Taxes on goods and services (% of revenue),GC.TAX.GSRV.RV.ZS,,,,,,,,,,,,,,,,,,,,,,,,,,,,,,,,,,,,,,,,,,,,,,,1.371231099,1.311096345,0.991255287,1.85803749,2.120383854,1.905193534,2.994940864,2.088634309,2.427839824,4.74339741,7.100272612,6.105219781,6.503295319,
Greece,GRC,Taxes on goods and services (% of revenue),GC.TAX.GSRV.RV.ZS,,,,,,,,,,,,,38.92780993,37.69518543,34.98469246,36.32464349,37.24794389,37.84469097,37.80019488,36.81784143,33.33587452,34.54003762,34.1104393,32.76013851,37.14692982,37.09038661,40.3493899,41.76327401,41.59777659,42.56281878,44.45059323,,,,,34.74200696,34.29084381,32.35717269,30.4258383,31.86235982,30.57489935,31.22882351,32.47823804,31.32101955,30.01088349,30.19034913,31.25523368,31.1892387,30.97579785,30.76663251,31.48720236,31.55465161,30.51653565,30.01411101,31.77529159,31.5339371,32.42652852,33.00827281,33.29288264,
Grenada,GRD,Taxes on goods and services (% of revenue),GC.TAX.GSRV.RV.ZS,,,,,,,,,,,,,,,,,,,,,,,,,,,,,,,,,,,,,,,,,,,,,,,,,,,,,,,,,,,,
Greenland,GRL,Taxes on goods and services (% of revenue),GC.TAX.GSRV.RV.ZS,,,,,,,,,,,,,,,,,,,,,,,,,,,,,,,,,,,,,,,,,,,,,,,,,,,,,,,,,,,,
Guatemala,GTM,Taxes on goods and services (% of revenue),GC.TAX.GSRV.RV.ZS,,,,,,,,,,,,,,,,,,,,,,,,,,,,,,,40.94693737,34.26481151,37.04795113,43.67139096,48.28873159,46.18116535,52.1191227,55.40881484,61.36805997,62.7743734,60.28068447,53.2079913,55.20079322,55.98725014,57.87282383,51.68763141,56.34670561,58.53974315,58.1415752,56.39238098,57.02236948,56.2452483,56.69950651,56.20878723,53.61793912,55.16727313,52.21226521,53.94977321,54.82621411,
Guam,GUM,Taxes on goods and services (% of revenue),GC.TAX.GSRV.RV.ZS,,,,,,,,,,,,,,,,,,,,,,,,,,,,,,,,,,,,,,,,,,,,,,,,,,,,,,,,,,,,
Guyana,GUY,Taxes on goods and services (% of revenue),GC.TAX.GSRV.RV.ZS,,,,,,,,,,,,,,,,,,,,,,,,,,,,,,,,,,,,,,,,,,,,,,,,,,,,,,,,,,,,
High income,HIC,Taxes on goods and services (% of revenue),GC.TAX.GSRV.RV.ZS,,,,,,,,,,,,,,30.66220238,30.01012135,28.10867294,28.05469784,27.57069728,25.87213104,26.13698766,27.41030159,27.86251691,28.57860979,27.88453433,28.39430435,29.08986236,29.48702768,29.65039628,30.24296244,30.18995899,30.60000999,29.27766745,29.56363126,30.26530727,32.05093859,30.65392529,32.02808179,31.17938582,31.9824341,33.02921062,32.03196774,32.27182087,32.47823804,32.99330573,33.40611824,33.25408821,32.16889822,32.68408117,32.12470868,32.19549023,32.31077865,31.55465161,31.48820106,31.7283801,31.90119307,31.5339371,32.05801972,32.13144834,33.071086,
"Hong Kong SAR, China",HKG,Taxes on goods and services (% of revenue),GC.TAX.GSRV.RV.ZS,,,,,,,,,,,,,,,,,,,,,,,,,,,,,,,,,,,,,,,,,,,,,,,,,,,,,,,,,,,,
Honduras,HND,Taxes on goods and services (% of revenue),GC.TAX.GSRV.RV.ZS,,,,,,,,,,,,,34.3385214,32.67162945,29.13669065,27.7651638,26.92110656,27.15453974,26.0065498,25.82330589,24.44533547,26.60550459,,,,,,,,,,,,,,,,,,,,,,44.7819688,43.80033352,42.272333,42.25816768,42.33402332,39.78129046,39.63756686,40.68072684,40.66629013,41.01730661,39.62900431,44.26338536,47.67481676,,,,
Heavily indebted poor countries (HIPC),HPC,Taxes on goods and services (% of revenue),GC.TAX.GSRV.RV.ZS,,,,,,,,,,,,,,,,,,,,,,,,,,,,,,,,,,,,,,,,,,,,,,,,,,,30.25675118,31.8650998,34.56012915,,36.6314963,36.25416527,38.28941188,35.29304641,37.82391621,
Croatia,HRV,Taxes on goods and services (% of revenue),GC.TAX.GSRV.RV.ZS,,,,,,,,,,,,,,,,,,,,,,,,,,,,,,,,24.51923077,37.58382739,43.50747902,43.81862461,42.06204034,40.4073267,39.42258649,44.95752632,43.31690219,46.88876306,46.40522876,43.44400388,45.31688492,45.36734562,45.38206396,45.5699795,44.85675811,44.76681577,42.96364297,45.72764669,45.64388821,46.21734395,48.46848503,48.26112754,47.66250302,46.2449181,46.82738905,47.70710885,
Haiti,HTI,Taxes on goods and services (% of revenue),GC.TAX.GSRV.RV.ZS,,,,,,,,,,,,,,,,,,,,,,,,,,,,,,,,,,,,,,,,,,,,,,,,,,,,,,,,,,,,
Hungary,HUN,Taxes on goods and services (% of revenue),GC.TAX.GSRV.RV.ZS,,,,,,,,,,,,,,,,,,,,,,38.31573896,40.8707545,38.72033024,32.58594918,31.81733804,29.61437047,31.08721987,40.20762122,32.40199264,31.33194683,25.60816327,27.40356937,27.55775578,26.77933366,29.26703044,28.90312095,31.11408942,33.56704788,34.67184661,35.55646245,34.01704324,33.84531666,36.14329948,38.36999078,37.36065881,35.33436605,34.59120837,32.1144237,33.58027671,37.30189417,37.84610494,37.59263716,37.04619359,37.02585861,36.45892046,36.49195231,36.62809342,37.71654451,
IBRD only,IBD,Taxes on goods and services (% of revenue),GC.TAX.GSRV.RV.ZS,,,,,,,,,,,,,,,,,,,,,,,,,,,,,,,,,30.84389427,31.86809321,32.83590384,34.05764108,33.83210502,36.82858838,38.17237421,38.77215859,36.19974836,37.27834383,37.32980665,36.81150306,37.90236736,37.81557267,36.35219204,36.93451486,36.72982122,35.73016223,38.59682721,36.54752145,35.67866779,35.86528216,34.06409608,35.92927068,35.47809603,35.72020429,36.71724088,
IDA & IBRD total,IBT,Taxes on goods and services (% of revenue),GC.TAX.GSRV.RV.ZS,,,,,,,,,,,,,,,,,,,,,,,,,,,,,,,,,,,,,,,,,,,,,37.00275923,37.23322265,35.30094556,34.71825397,34.64868516,32.34091801,32.91622179,34.81528587,35.07096646,34.27858483,34.06409608,35.12801511,35.70111438,35.29304641,36.97664474,
IDA total,IDA,Taxes on goods and services (% of revenue),GC.TAX.GSRV.RV.ZS,,,,,,,,,,,,,,,,,,,,,,,,,,,,,,,,,,,,,,,,,,,,,,,,,,,,,,,33.92103614,34.56535694,36.73512075,35.00571232,37.82391621,
IDA blend,IDB,Taxes on goods and services (% of revenue),GC.TAX.GSRV.RV.ZS,,,,,,,,,,,,,,,,,,,,,,,,,,,,,,,,,,,,,,,,,,,,,,,,,,,,,26.43045647,,27.04010002,29.39917946,29.88724949,29.4335817,31.23628052,
Indonesia,IDN,Taxes on goods and services (% of revenue),GC.TAX.GSRV.RV.ZS,,,,,,,,,,,,,22.51552795,20.49019608,12.60229133,12.7826087,14.01617251,13.23610347,13.70488808,9.304964539,8.639246589,7.839860496,10.36285603,10.33460125,9.351634266,16.07608001,23.28831364,18.13889674,24.47276652,25.14006806,23.70722337,26.2855122,25.85645177,26.35391882,34.02772779,33.80465602,30.2827587,28.21210772,24.97439338,28.17176062,,25.91196939,29.93284527,32.14952844,32.03635663,,,,27.14888423,30.19499113,30.63261803,29.31167233,32.33321873,34.27858483,34.05591728,37.77237241,35.79192224,38.11164367,35.89542409,
IDA only,IDX,Taxes on goods and services (% of revenue),GC.TAX.GSRV.RV.ZS,,,,,,,,,,,,,,,,,,,,,,,,,,,,,,,,,,,,,,,,,,,,,,,,,,,,,,,,36.25416527,37.47428248,35.14937936,,
Isle of Man,IMN,Taxes on goods and services (% of revenue),GC.TAX.GSRV.RV.ZS,,,,,,,,,,,,,,,,,,,,,,,,,,,,,,,,,,,,,,,,,,,,,,,,,,,,,,,,,,,,
India,IND,Taxes on goods and services (% of revenue),GC.TAX.GSRV.RV.ZS,,,,,,,,,,,,,,,44.07226691,42.67407091,42.35677958,40.29592455,42.67919914,42.6070305,41.39512135,39.43360668,37.35393059,41.64247038,39.16425349,37.42976556,36.00980766,36.01791582,35.5677498,34.87611379,35.89153839,34.48231899,33.23011006,31.80027187,31.26987991,28.35518926,27.35105387,27.30672579,28.87433659,27.96119744,28.92650465,30.1500645,30.36666495,30.20371532,29.7148342,30.76228968,28.49027429,24.90025617,26.26400617,23.7764019,21.67563443,24.98188208,26.00492109,27.30042528,25.55703693,29.83300695,32.93057847,37.34565266,40.86734988,
Not classified,INX,Taxes on goods and services (% of revenue),GC.TAX.GSRV.RV.ZS,,,,,,,,,,,,,,,,,,,,,,,,,,,,,,,,,,,,,,,,,,,,,,,,,,,,,,,,,,,,
Ireland,IRL,Taxes on goods and services (% of revenue),GC.TAX.GSRV.RV.ZS,,,,,,,,,,,,,33.09352518,33.72921615,31.69456067,30.6038048,31.12338858,31.19503363,35.10638298,32.03812317,30.05633803,29.274904,30.10522561,31.87538367,31.95603784,30.93965854,37.75433308,35.82955997,37.76337115,40.96631873,37.92710141,35.27541107,35.19346518,32.94991279,35.38920518,35.86037832,36.20102114,35.82324236,36.21162242,35.86937351,38.15294718,37.11907801,38.23826806,38.2843876,38.53926524,39.09763462,38.74364008,37.83916651,35.91272258,33.07072356,32.74566683,30.66670849,30.46724315,31.15315233,31.90119307,31.45596321,31.68951092,31.96301962,30.55143834,
"Iran, Islamic Rep.",IRN,Taxes on goods and services (% of revenue),GC.TAX.GSRV.RV.ZS,,,,,,,,,,,,,6.552795031,5.12244898,2.319388971,2.747725596,2.695574194,2.904829222,4.00115141,2.819432744,4.027972028,3.833550065,4.525071341,4.956910949,6.045904711,8.755946958,12.36862978,10.63634916,9.480421687,6.360313316,5.414840562,6.418515867,5.653307266,2.763337893,3.660506591,6.030911763,5.977037553,9.493103803,12.18014664,16.8490168,7.502704346,5.57017813,4.267076729,4.360201646,3.328481348,3.024225563,2.668407753,2.636891401,2.30016679,3.51532159,,,,,,,,,,
Iraq,IRQ,Taxes on goods and services (% of revenue),GC.TAX.GSRV.RV.ZS,,,,,,,,,,,,,,,,,,,,,,,,,,,,,,,,,,,,,,,,,,,,,,,,,,,,,,,0.253478207,0.553029008,1.469529181,,,
Iceland,ISL,Taxes on goods and services (% of revenue),GC.TAX.GSRV.RV.ZS,,,,,,,,,,,,,35.7622739,33.4150613,41.83919114,48.50630288,50.20327869,49.51292619,46.36490738,44.96230295,48.58882802,49.30321743,48.87338208,48.00082322,49.0867464,51.35778988,50.78663819,52.17976949,52.94408498,48.63945758,46.99797593,45.92743298,45.23294724,48.29265018,50.5550872,49.97479348,49.51122734,51.1730091,51.42958097,50.37753997,48.52759411,44.40619861,45.53849281,46.72504625,47.99963005,37.09532374,36.8943606,34.97042481,31.50313506,29.66787128,29.81912987,29.78982638,30.06414825,28.84386174,27.08552709,29.14370983,20.92351023,29.22132291,28.72274693,
Israel,ISR,Taxes on goods and services (% of revenue),GC.TAX.GSRV.RV.ZS,,,,,,,,,,,,,20,15.78947368,19.23076923,16.66666667,20.96774194,22.22222222,24.30555556,21.63934426,20.51649928,20.75949367,26.11431568,22.45781828,21.28328211,21.49229792,23.44367402,25.44039836,27.85072463,26.88343888,28.34840655,31.86558768,32.82068289,32.3359156,32.25027465,31.40191655,30.36439023,29.36498304,28.5722588,29.19078884,27.62884063,27.31949062,28.9011527,29.87259457,30.75009262,30.77556307,29.40398186,30.52808168,32.13499365,34.34908447,34.98380992,34.65537017,34.27706502,34.85116685,35.53699755,34.78747365,34.76396178,32.29987706,33.78296757,
Italy,ITA,Taxes on goods and services (% of revenue),GC.TAX.GSRV.RV.ZS,,,,,,,,,,,,,,33.83815644,34.00645692,30.16720222,29.46204226,28.89377647,25.35716624,25.69694791,26.35515379,25.7137351,24.44104135,25.00054171,26.01272074,25.27083072,24.03786338,23.97230528,30.24296244,30.18995899,,,,,,22.43722055,21.18729851,21.34882213,24.41257876,24.70672597,24.62668145,23.51485353,23.74878221,22.89248033,23.42086031,23.77165387,23.67614902,22.74792195,21.65069265,21.06517478,22.75520169,23.35553522,23.5605541,23.35192624,24.19690038,23.91128128,24.17004657,24.34526323,24.38815246,
Jamaica,JAM,Taxes on goods and services (% of revenue),GC.TAX.GSRV.RV.ZS,,,,,,,,,,,,,,,,,,,,,,,,,,,,,28.32258907,24.97397691,24.86700336,27.06447116,30.84389427,35.99351496,35.21252284,37.24012775,36.52831482,36.82858838,38.38617147,36.44939634,36.19974836,38.1083934,38.25855303,38.02919261,37.90236736,37.61760651,39.17072221,36.60746746,36.59940622,36.97318408,42.33854747,43.09128138,45.04046084,43.90871407,46.12424242,47.30014953,48.70543778,49.29346477,47.79951752,
Jordan,JOR,Taxes on goods and services (% of revenue),GC.TAX.GSRV.RV.ZS,,,,,,,,,,,,,,,,,,,,,,,,,,,,,,,19.25785828,18.11655661,20.36249559,21.58370441,24.82891696,27.5431342,29.91167539,30.60582686,30.41423757,29.31340933,33.62792778,34.51828501,32.11787775,31.85473126,37.01406416,43.6651436,46.33740657,47.130807,38.0086105,37.56303636,44.51712527,38.93126951,47.03915478,45.94012642,40.50167868,40.90313847,40.79297273,40.31406561,39.26272963,
Japan,JPN,Taxes on goods and services (% of revenue),GC.TAX.GSRV.RV.ZS,,,,,,,,,,,,,23.00893458,19.00872994,18.38929532,21.52484683,23.55876165,22.51077586,25.83136252,24.72026095,21.46703277,20.63150568,20.24383587,21.19483284,20.29060434,20.32932866,19.36622254,19.81244165,18.73799831,14.90493477,18.27576216,19.24494932,21.24380848,22.23050655,28.85204199,28.95447374,29.39005114,31.24468222,33.81399656,35.66084101,32.29810781,32.92437839,36.29558797,37.15350964,35.51299289,33.25953517,31.60419649,31.73122717,34.43247848,38.524308,36.89783605,35.87285599,34.58524758,32.7253616,37.09345561,37.63183126,38.02614451,36.0780907,35.28397119,
Kazakhstan,KAZ,Taxes on goods and services (% of revenue),GC.TAX.GSRV.RV.ZS,,,,,,,,,,,,,,,,,,,,,,,,,,,,,,,,,,,,,,27.91673854,41.6843372,51.16138934,40.10272131,42.96629605,37.98151879,40.84073187,39.94472042,,,,,,14.74096614,13.30702955,13.6368542,18.4751262,16.2478464,18.10335031,25.01112036,19.63362894,21.43941021,
Kenya,KEN,Taxes on goods and services (% of revenue),GC.TAX.GSRV.RV.ZS,,,,,,,,,,,,,,,,,,,,,,,,,,,,,,,,,,,,,,,,,,,,,,,,,,,,,,,29.79725268,29.39917946,,29.4335817,31.23628052,
Kyrgyz Republic,KGZ,Taxes on goods and services (% of revenue),GC.TAX.GSRV.RV.ZS,,,,,,,,,,,,,,,,,,,,,,,,,,,,,,,,,,,,,,,,,,,,,,,,,,,,,,,33.31909193,33.769573,35.70111438,35.00571232,38.61407944,
Cambodia,KHM,Taxes on goods and services (% of revenue),GC.TAX.GSRV.RV.ZS,,,,,,,,,,,,,,,,,,,,,,,,,,,,,,,,,,,,,,,,,,,29.68998825,32.48400924,37.70972334,36.90330209,40.27556402,40.41627204,41.6702382,35.47088786,35.29049153,39.28456873,35.35727109,38.04889407,42.03783238,45.88749917,44.03606245,45.77111876,48.04355979,
Kiribati,KIR,Taxes on goods and services (% of revenue),GC.TAX.GSRV.RV.ZS,,,,,,,,,,,,,,,,,,,,,,,,,,,,,,,,,,,,,,,,,,,,,,,,,,,,0.067767991,0.341445202,0.775497578,6.745197651,10.76774976,16.39566959,12.33628955,,
St. Kitts and Nevis,KNA,Taxes on goods and services (% of revenue),GC.TAX.GSRV.RV.ZS,,,,,,,,,,,,,,,,,,,,,,,,,,,,,,,5.909682215,9.96978852,12.02755058,14.19374617,12.83875558,,,,,,11.80053293,13.19060773,17.85069524,18.55246523,20.35937032,20.38510879,24.53772987,39.97437837,14.35568304,11.22998549,14.76401219,28.96749082,24.45487529,22.48144767,24.83905635,23.02630881,24.26303855,24.32636163,,
"Korea, Rep.",KOR,Taxes on goods and services (% of revenue),GC.TAX.GSRV.RV.ZS,,,,,,,,,,,,,41.85441941,45.54074074,47.14424951,48.64690722,44.94382022,44.57794418,42.88932419,43.83370536,45.94835263,44.75041012,44.55696203,45.7698371,45.04835745,43.23773475,42.78989886,39.55159373,38.3943612,33.98556976,35.43980595,33.61800378,34.98950315,34.85441374,34.5734617,33.15740453,33.46711502,34.06656381,28.73753157,32.98017837,30.2687276,32.15441518,32.21930257,31.21739232,30.30063131,29.58000165,27.9118438,26.82273545,26.70105596,27.30617367,28.10692006,26.37339111,22.47108127,21.66473835,21.80755198,21.24603114,21.91582798,21.73589305,21.12564978,
Kuwait,KWT,Taxes on goods and services (% of revenue),GC.TAX.GSRV.RV.ZS,,,,,,,,,,,,,19.90131579,19.16426513,11.01321586,,,1.237872198,0.689655172,0.63134779,0.31810295,0.59955822,0.842696629,0.603136309,1.05553006,0.764364787,0.42158516,,,,0.032092426,,0.170940171,0.04411116,0.039292731,0.033489618,,0.023872046,0.028901734,,,,,,,,,,,0.588773294,0.465269292,0.333188951,0.283875852,0.34277009,0.491570181,1.186720745,,,,
Latin America & Caribbean (excluding high income),LAC,Taxes on goods and services (% of revenue),GC.TAX.GSRV.RV.ZS,,,,,,,,,,,,,,,,,,,,,,,,,,,,,,,31.06967435,29.78277841,36.12676395,35.49584396,39.15385726,45.01741319,42.53315782,41.80077908,40.94265025,41.71345995,39.97008392,40.63098516,40.6483489,43.25925285,43.09446963,41.89762569,38.160996,40.34365321,37.44949963,36.97318408,40.1802857,36.15125064,37.13607477,39.11769368,39.24942241,37.86730402,35.4824483,35.72020429,38.2825389,
Lao PDR,LAO,Taxes on goods and services (% of revenue),GC.TAX.GSRV.RV.ZS,,,,,,,,,,,,,,,,,,,,,,,,,,,,,,,,,,,,,,,,,,,,,,,,,,,,,,,,,,,,
Lebanon,LBN,Taxes on goods and services (% of revenue),GC.TAX.GSRV.RV.ZS,,,,,,,,,,,,,,,,,,,,,,,,,,,,,,,,,,,,,,,,,25.56333301,28.48490539,43.74419727,46.24071707,45.07806808,39.86730144,32.36155044,34.81825127,38.65385261,43.64129943,45.9466269,38.43575037,38.54495176,37.81092626,34.07227489,36.5480339,35.47809603,32.79538377,34.91621731,
Liberia,LBR,Taxes on goods and services (% of revenue),GC.TAX.GSRV.RV.ZS,,,,,,,,,,,,,,,,,,,,,,,,,,,,,,,,,,,,,,,,,,,,,,16.57816145,23.77144186,18.02015865,14.52292245,,17.04603839,14.70800192,13.31672126,12.3556058,,,,,,
Libya,LBY,Taxes on goods and services (% of revenue),GC.TAX.GSRV.RV.ZS,,,,,,,,,,,,,,,,,,,,,,,,,,,,,,,,,,,,,,,,,,,,,,,,,,,,,,,,,,,,
St. Lucia,LCA,Taxes on goods and services (% of revenue),GC.TAX.GSRV.RV.ZS,,,,,,,,,,,,,,,,,,,,,,,,,,,,,,,,,,,,,,,,,11.72137016,11.84336031,14.34214302,11.90891074,17.15885951,15.4047794,16.21840674,16.79882783,16.49010674,13.48367748,14.89210854,14.77000336,21.90571914,41.10706227,39.88211975,40.74103295,40.94639293,34.80105011,,
Latin America & Caribbean,LCN,Taxes on goods and services (% of revenue),GC.TAX.GSRV.RV.ZS,,,,,,,,,,,,,,,,,,,,,,,,,,,,,,,34.9148222,32.98459101,36.81466429,35.49584396,39.15385726,,,41.9678723,40.99212116,42.11198043,39.97008392,40.74130674,42.12630781,43.89238153,43.44740157,41.52291838,37.15126979,38.3532831,38.2638113,37.76874905,40.03975561,36.34938604,36.6114212,37.49148792,37.63178178,37.52581361,35.38559325,35.3430523,38.2825389,
Least developed countries: UN classification,LDC,Taxes on goods and services (% of revenue),GC.TAX.GSRV.RV.ZS,,,,,,,,,,,,,,,,,,,,,,,,,,,,,,,,,,,,,,,,,,,,,,,,,,,,,32.04168298,,35.21449756,33.91613759,35.38071123,33.53146439,,
Low income,LIC,Taxes on goods and services (% of revenue),GC.TAX.GSRV.RV.ZS,,,,,,,,,,,,,,,,,,,,,,,,,,,,,,,,,,,,,,,,,,,,,,,,,,,,,,,,,,,,
Liechtenstein,LIE,Taxes on goods and services (% of revenue),GC.TAX.GSRV.RV.ZS,,,,,,,,,,,,,,,,,,,,,,,,,,,,,,,,,,,,,,,,,,,,,,,,,,,,,,,,,,,,
Sri Lanka,LKA,Taxes on goods and services (% of revenue),GC.TAX.GSRV.RV.ZS,,,,,,,,,,,,,,,,,,,,,,,,,,,,,,,42.2267664,41.68594375,42.68899522,46.49218398,48.31649689,49.48515383,51.11505091,51.0319102,50.34227212,50.52453419,56.7505742,57.00386751,56.12476498,53.66798491,59.84277309,55.28283536,51.13220277,48.09248186,44.63473862,37.54076128,42.60022904,42.91574948,46.15168276,43.95227649,45.40993959,49.58134969,49.64494206,55.64889404,54.80528584,
Lower middle income,LMC,Taxes on goods and services (% of revenue),GC.TAX.GSRV.RV.ZS,,,,,,,,,,,,,,,,,,,,,,,,,,,,,,,,,,,,,,,,,,,28.26544628,32.35985767,32.0006337,32.43488935,33.24635347,32.06412116,31.87518319,30.52403754,29.76555721,30.96397246,30.2072455,33.46775761,33.31909193,33.769573,36.46789477,36.89451675,39.38914326,
Low & middle income,LMY,Taxes on goods and services (% of revenue),GC.TAX.GSRV.RV.ZS,,,,,,,,,,,,,,,,,,,,,,,,,,,,,,,,,,,,,,,,,,,,,,,,34.19328021,32.7400626,31.51157585,31.84761194,33.57289366,34.32045485,33.64685594,33.82188666,34.59664252,35.52869969,35.14937936,36.95110305,
Lesotho,LSO,Taxes on goods and services (% of revenue),GC.TAX.GSRV.RV.ZS,,,,,,,,,,,,,,,,,,,,,,,,,7.609231309,,20.25738251,18.4414796,19.40249935,17.64758882,,30.1279354,32.69524435,33.02283315,29.08723227,27.99620209,26.27677063,29.61650661,27.63531866,30.17704983,26.3534678,27.50460058,26.84090432,28.20162744,31.29197011,30.98876066,29.74415319,30.2913477,28.23702871,28.02647042,24.03794244,25.09267938,27.45299447,27.89503434,30.54231131,30.04202064,28.64237098,31.01609018,30.7927531,
Late-demographic dividend,LTE,Taxes on goods and services (% of revenue),GC.TAX.GSRV.RV.ZS,,,,,,,,,,,,,,,,,,,,,,,,,,,,,,,,,,,,,33.63656436,35.04060703,36.14036592,38.892676,38.35564468,38.73641956,38.36979693,40.04958905,39.24199283,38.75423855,37.15126979,37.49932017,37.13849162,36.03431596,37.33164674,37.30452172,36.43877702,36.16473592,34.26104342,35.27467554,35.88750944,34.43939693,36.99162607,
Lithuania,LTU,Taxes on goods and services (% of revenue),GC.TAX.GSRV.RV.ZS,,,,,,,,,,,,,,,,,,,,,,,,,,,,,,,,39.32622072,,31.15421548,32.17282405,33.26420591,32.64868005,32.46673709,34.3872666,34.73584465,33.28240003,36.5430279,36.72384365,34.85996274,33.72561287,33.24864125,33.07879703,33.74647566,33.17011501,32.19549023,33.56388073,34.63882392,33.66539771,33.57632439,32.96802439,33.71217988,34.2247839,35.0421841,33.91059914,
Luxembourg,LUX,Taxes on goods and services (% of revenue),GC.TAX.GSRV.RV.ZS,,,,,,,,,,,,,23.38064288,22.87251445,19.60047756,21.52397749,20.32754653,18.99728836,18.7006787,19.20265552,20.62587618,21.19834195,22.16649067,24.28648954,25.51373221,22.68848404,25.43712662,26.38090642,27.21069869,26.28345605,24.66625604,25.34636834,27.17230704,27.70657065,27.39981958,27.30530763,27.42445645,28.50881421,29.31677045,31.08865313,32.06110208,30.65645668,29.91683863,30.1192041,32.66461015,32.25431749,31.71601509,32.69906235,30.40904424,29.5138237,29.58699547,30.13582107,30.25811146,30.23884676,31.44947502,28.94978937,28.51873567,28.17169559,28.01681865,
Latvia,LVA,Taxes on goods and services (% of revenue),GC.TAX.GSRV.RV.ZS,,,,,,,,,,,,,,,,,,,,,,,,,,,,,,,,,,,38.87829437,39.85948038,40.78899519,38.34934437,40.79647817,40.31942042,40.19008418,40.73336335,38.48104082,41.41824377,40.09210727,42.42210401,41.77230373,41.9837049,38.07968165,36.63152944,38.29555472,39.47482774,40.02517665,41.68416011,42.7510385,43.61910603,45.45805109,44.51334988,44.33889736,
"Macao SAR, China",MAC,Taxes on goods and services (% of revenue),GC.TAX.GSRV.RV.ZS,,,,,,,,,,,,,,,,,,,,,,,,,,,,,,,,,,,,,68.30702498,74.44484876,65.25363388,55.61397888,69.38555798,68.17533364,74.50898487,78.53657031,82.26241219,79.00239325,79.5521772,79.06919742,84.79503046,83.13971023,89.30806983,90.08774106,90.55876122,91.28552475,89.47887821,83.6680441,83.31597211,83.42368698,86.87207673,
St. Martin (French part),MAF,Taxes on goods and services (% of revenue),GC.TAX.GSRV.RV.ZS,,,,,,,,,,,,,,,,,,,,,,,,,,,,,,,,,,,,,,,,,,,,,,,,,,,,,,,,,,,,
Morocco,MAR,Taxes on goods and services (% of revenue),GC.TAX.GSRV.RV.ZS,,,,,,,,,,,,,,,,,,,,,,,,,,,,,,,42.79087525,45.10313746,45.13038445,44.21234244,45.50505612,45.68224823,,45.47220907,45.10867068,41.80948713,,,40.74084837,43.25306645,41.30567431,38.41084248,37.91861813,41.33937032,40.21563986,39.91198118,46.20946798,46.7564554,46.51730973,44.67376597,44.19174307,45.05303742,44.82250744,44.42381486,44.92398827,
Monaco,MCO,Taxes on goods and services (% of revenue),GC.TAX.GSRV.RV.ZS,,,,,,,,,,,,,,,,,,,,,,,,,,,,,,,,,,,,,,,,,,,,,,,,,,,,,,,,,,,,
Moldova,MDA,Taxes on goods and services (% of revenue),GC.TAX.GSRV.RV.ZS,,,,,,,,,,,,,,,,,,,,,,,,,,,,,,,,,,,,,38.2671671,45.72999932,49.41400173,46.64596858,45.26574669,43.78760194,41.996892,45.60514044,47.6092918,47.25506892,50.03319923,48.92216657,50.30288045,45.98387993,47.79235212,50.69124596,49.52664779,50.53840253,47.07612138,46.27788784,47.35523062,48.54380899,47.44051454,
Madagascar,MDG,Taxes on goods and services (% of revenue),GC.TAX.GSRV.RV.ZS,,,,,,,,,,,,,,,,,,,,,,,,,,,,,,,23.04553265,23.79875636,31.61239079,26.90647482,28.16299265,27.02185079,,,,,,,,20.48016083,16.44445764,17.65473859,11.90842101,20.12856524,16.81407422,18.8747594,42.5672763,48.81078251,52.12589154,55.26023788,48.75443764,51.8957885,42.9448129,46.53425573,42.51331233,
Maldives,MDV,Taxes on goods and services (% of revenue),GC.TAX.GSRV.RV.ZS,,,,,,,,,,,,,,,,,,,,5.020920502,5.438596491,6.766917293,11.43847487,13.15136476,10.64220183,16.68765743,11.04319478,10.18518519,10.87219135,14.50113975,18.48832901,14.46025948,16.74457629,16.01264443,15.16239167,14.32740214,14.68839885,14.98736403,14.50132255,13.30752262,12.70424319,12.79329609,12.49262102,12.90027447,13.23443008,8.545402914,8.999623241,8.066678169,8.598365299,10.66964988,,,,,,,,,,
Middle East & North Africa,MEA,Taxes on goods and services (% of revenue),GC.TAX.GSRV.RV.ZS,,,,,,,,,,,,,,,,,,,,,,,,,,,,,,,,,,,,,,,,,,,,,,,,,,,,,,,,,,,,
Mexico,MEX,Taxes on goods and services (% of revenue),GC.TAX.GSRV.RV.ZS,,,,,,,,,,,,,32.75862069,36.76470588,40,43.28358209,38.82352941,38.17427386,35.71428571,35.99088838,50.37147103,53.20366133,57.30411687,73.32657201,72.3417994,71.74807903,64.44977717,67.38647701,61.63993749,55.89725286,56.0485544,54.59595638,49.60896302,48.56178323,47.8895928,54.29985483,56.94126462,59.59786446,58.83289855,57.82066912,62.12800079,,,,,,,,21.7907173,24.62100745,25.5309652,23.02997622,22.98471728,21.40964105,25.40978656,30.16888639,30.39553338,27.24510294,29.06142107,
Marshall Islands,MHL,Taxes on goods and services (% of revenue),GC.TAX.GSRV.RV.ZS,,,,,,,,,,,,,,,,,,,,,,,,,,,,,,,,,,,,,,,,,,,,,,,,,7.929178929,8.899404436,9.15712284,8.991900268,11.02385956,10.29999529,10.85730227,10.19972554,9.726458944,9.026117946,10.48823419,
Middle income,MIC,Taxes on goods and services (% of revenue),GC.TAX.GSRV.RV.ZS,,,,,,,,,,,,,,,,,,,,,,,,,,,,,,,,,,,,,,,,,,,33.7110509,34.25135202,36.99145431,36.29087873,35.59631743,35.88515979,33.0778529,32.83422408,32.55051148,33.55845518,34.08947788,34.21351191,33.41626644,34.27135235,35.43184464,35.3430523,36.71724088,
North Macedonia,MKD,Taxes on goods and services (% of revenue),GC.TAX.GSRV.RV.ZS,,,,,,,,,,,,,,,,,,,,,,,,,,,,,,,,,,,,,,,,,,,,,,39.76837241,39.98766701,42.03197615,37.41674701,39.10963539,41.12015879,43.54223228,41.38576357,43.0223195,45.26760661,41.46476752,44.08747186,43.34714218,43.14046087,
Mali,MLI,Taxes on goods and services (% of revenue),GC.TAX.GSRV.RV.ZS,,,,,,,,,,,,,,,,,,,,,,,,,,,,,,,,,,,,,,,,,43.36698444,45.77073563,45.04621228,36.94201948,41.86425739,39.59406006,15.34676573,32.39147187,30.28872479,29.21422312,30.03663785,31.13396765,34.83880835,29.96648566,37.40184198,44.37617694,51.0524199,48.14014599,46.47055378,
Malta,MLT,Taxes on goods and services (% of revenue),GC.TAX.GSRV.RV.ZS,,,,,,,,,,,,,11.91176471,8.59524223,8.006912442,6.594369591,6.524919536,6.472831268,4.997210489,,5.934050482,6.040643144,5.552669852,5.920486199,5.967375594,5.889819751,6.770641235,6.824202607,6.473805658,7.16289195,6.961959354,7.95154185,8.896034298,8.494485459,12.9732755,31.82291219,31.58367241,32.61202723,32.32844422,32.44297318,33.25984384,34.1396718,33.24612867,33.27018739,36.1350854,37.19099975,37.34775343,37.66752656,37.16000316,36.36589248,37.31219811,36.75784399,35.48212186,34.58537081,34.96379123,33.55535385,34.17915277,33.12404734,34.54181304,
Myanmar,MMR,Taxes on goods and services (% of revenue),GC.TAX.GSRV.RV.ZS,,,,,,,,,,,,,,32.54593176,34.48787729,34.3547691,53.7920937,52.48275862,45.0909818,41.97571927,39.64470088,37.57431629,36.25478336,38.67959717,38.49932457,37.0916626,36.60827621,36.93635661,26.27006332,30.20412288,27.5470757,32.00136031,32.67607058,31.05653139,28.67321636,25.85829815,25.81967213,29.05015154,26.39064123,27.46023351,32.8393885,27.9978343,22.0776943,19.2875473,23.25687488,30.72734017,,,,,,,11.20085686,13.45814379,12.17285684,15.27650029,23.8521175,19.65768113,,23.97279412
Middle East & North Africa (excluding high income),MNA,Taxes on goods and services (% of revenue),GC.TAX.GSRV.RV.ZS,,,,,,,,,,,,,,,,,,,,,,,,,,,,,,,,,,,,,,,,,,,34.66581016,34.18845365,37.00275923,37.35086061,33.69899031,34.39148865,35.2054414,35.35393253,,,,,,,,,,
Montenegro,MNE,Taxes on goods and services (% of revenue),GC.TAX.GSRV.RV.ZS,,,,,,,,,,,,,,,,,,,,,,,,,,,,,,,,,,,,,,,,,,,,,,,,,,,,,,,,,,,,
Mongolia,MNG,Taxes on goods and services (% of revenue),GC.TAX.GSRV.RV.ZS,,,,,,,,,,,,,,,,,,,,,,,,,,,,,,,,,27.10185934,23.37477284,22.05468,,21.73472098,27.72539438,31.79901636,39.64915557,36.02199121,40.03531515,33.87619708,35.40917631,,,33.3772934,20.43248211,25.27118536,30.15785385,28.54298293,36.23780865,35.67866779,36.2028542,32.58634732,31.47402942,34.27287891,30.91337518,31.6401691,
Northern Mariana Islands,MNP,Taxes on goods and services (% of revenue),GC.TAX.GSRV.RV.ZS,,,,,,,,,,,,,,,,,,,,,,,,,,,,,,,,,,,,,,,,,,,,,,,,,,,,,,,,,,,,
Mozambique,MOZ,Taxes on goods and services (% of revenue),GC.TAX.GSRV.RV.ZS,,,,,,,,,,,,,,,,,,,,,,,,,,,,,,,,,,,,,,,,,,,,,,,,,,,35.65784931,36.39135578,34.28144996,32.89558686,31.47888837,31.15794893,37.00234673,30.00431065,33.46869142,
Mauritania,MRT,Taxes on goods and services (% of revenue),GC.TAX.GSRV.RV.ZS,,,,,,,,,,,,,,,,,,,,,,,,,,,,,,,,,,,,,,,,,,,,,,,,,,,,,,,,,,,,
Mauritius,MUS,Taxes on goods and services (% of revenue),GC.TAX.GSRV.RV.ZS,,,,,,,,,,,,,,26.14821076,25.17938682,20.06647279,15.28867051,17.82304807,21.3110769,22.59520451,20.62117284,20.66570188,20.84589505,20.13467788,22.54863282,21.93220519,21.16800037,21.06747305,22.43010238,25.43224952,25.72879172,28.24405727,29.56363126,30.10802816,30.41840886,30.18078865,32.42472309,33.3744111,35.51087962,41.82330413,42.66476553,42.1725477,43.32589024,46.17748556,46.17667753,48.79580833,48.71567531,52.60256546,52.65738549,50.66302737,55.06261206,57.12076228,58.483395,58.38818621,56.6434898,54.00490624,56.00906533,56.79884137,58.4049129,
Malawi,MWI,Taxes on goods and services (% of revenue),GC.TAX.GSRV.RV.ZS,,,,,,,,,,,,,,,,,,,,,,,,,,,,,,,,,,,,,,,,,,,,,,,,,,29.41367333,30.47686451,34.17115263,36.70962111,25.26595707,35.86115061,33.20434707,33.75907572,33.80651917,37.82391621,38.58031231
Malaysia,MYS,Taxes on goods and services (% of revenue),GC.TAX.GSRV.RV.ZS,,,,,,,,,,,,,,,,,,,,,,,,,,,,,,,,,,,,,27.03444072,26.65304269,22.37826232,24.58261477,24.80069352,22.42188655,21.59877386,18.14098134,17.98124711,20.30046189,16.20300383,15.03060019,15.86140688,15.67241384,16.7426848,15.39000858,14.64850514,14.51697566,14.9120557,22.77567564,28.96978171,28.65655131,19.464084,
North America,NAC,Taxes on goods and services (% of revenue),GC.TAX.GSRV.RV.ZS,,,,,,,,,,,,,7.143858993,6.579486759,5.990202435,5.626993108,5.41053173,4.678031833,4.357010827,3.794359625,4.41122591,6.358336329,5.478995164,5.384803772,5.15786836,4.506917683,3.94741638,3.518278341,3.638176964,3.208637905,3.212851406,3.609554195,3.898272819,3.840156418,4.106129505,3.967158728,3.493395554,3.366138068,3.140163825,3.617373048,3.182632772,3.129721412,3.517330501,3.573926261,3.496312771,3.167209917,2.817741731,2.43646851,2.47290091,3.008888222,2.759912221,2.956038083,2.991669642,2.840750732,2.978667696,2.940638257,2.832608219,2.36635559,3.044842791,2.497714298
Namibia,NAM,Taxes on goods and services (% of revenue),GC.TAX.GSRV.RV.ZS,,,,,,,,,,,,,,,,,,,,,,,,,,,,,,,23.89018983,21.83803458,27.33107993,,,,,,,,24.09399201,23.96891949,20.64712563,20.42960022,18.81439448,26.19727664,19.16445545,20.41671821,19.31052274,22.60243146,23.59839176,27.68055651,18.05745581,23.54607979,21.61098406,23.83196326,25.07193689,21.27185885,21.15465153,
New Caledonia,NCL,Taxes on goods and services (% of revenue),GC.TAX.GSRV.RV.ZS,,,,,,,,,,,,,,,,,,,,,,,,,,,,,,,,,,,,,,,,,,,,,,,,,,,,,,,,,,,,
Niger,NER,Taxes on goods and services (% of revenue),GC.TAX.GSRV.RV.ZS,,,,,,,,,,,,,,,,,20.84631786,19.18233982,20.81298877,20.26921171,20.93762108,,,,,,,,,,,,,,,,,,,,,,,,,,,,,,,,,,,,,,,
Nigeria,NGA,Taxes on goods and services (% of revenue),GC.TAX.GSRV.RV.ZS,,,,,,,,,,,,,,,,,,,,,,,,,,,,,,,,,,,,,,,,,,,,,,,,,,,,,,,,,,,,
Nicaragua,NIC,Taxes on goods and services (% of revenue),GC.TAX.GSRV.RV.ZS,,,,,,,,,,,,,,,,,,,,,,,,,,,,,,,35.24621946,31.70437051,44.37551714,37.18415432,43.09519168,52.1130299,54.66559132,58.19973757,56.93435997,52.91741679,53.98047668,53.2969969,54.2645388,51.78280413,50.51079269,50.63392806,49.47418062,49.50469253,50.00988218,49.4300125,52.26690662,50.25988115,50.36875109,51.36886497,50.42363588,49.4810221,47.96555789,48.06967538,45.18382277,
Netherlands,NLD,Taxes on goods and services (% of revenue),GC.TAX.GSRV.RV.ZS,,,,,,,,,,,,,,23.16757317,21.29082599,20.93135364,21.37417357,22.53214044,22.77503305,22.35012611,21.79789871,20.56808688,19.84732824,19.93832993,20.67932551,20.70802149,21.42091632,22.83181919,23.08325749,23.24099363,23.44733918,22.15330084,22.49372985,22.21115196,23.13239013,24.89564214,25.44294565,26.16382393,26.83985314,27.63702558,27.25131438,28.89022416,29.33045285,29.58126048,29.72098539,29.706945,28.89433038,28.65944952,27.36584859,27.26156122,26.90471573,26.26402492,25.43142926,25.18803127,25.71381662,26.11584139,26.66279208,26.55181089,26.8750575,
Norway,NOR,Taxes on goods and services (% of revenue),GC.TAX.GSRV.RV.ZS,,,,,,,,,,,,,46.33728096,44.02778101,42.41682476,43.71736673,44.34765513,46.33132489,44.50827206,42.18056931,39.33556174,37.95467273,37.752889,37.1594979,37.30722418,38.80993166,39.42050714,41.0345539,37.61584771,35.70465451,33.68389721,33.87269464,36.86457109,37.7927605,38.46404286,35.62077976,34.35431987,34.57004197,36.67688268,34.82716103,27.52092949,27.80468984,27.91212481,27.68303044,26.36664417,24.7247611,23.41405922,24.23396986,21.27977638,24.54750818,24.93080862,23.15785239,22.85071601,24.07110645,24.64361205,25.95004558,27.38681814,26.86356241,25.07646847,
Nepal,NPL,Taxes on goods and services (% of revenue),GC.TAX.GSRV.RV.ZS,,,,,,,,,,,,,,,,,,,,,,,,,,,,,,,33.01522381,34.01988072,38.11215081,35.84217507,38.38759836,36.44566061,34.83421371,33.83690938,33.92886278,33.27528809,32.15255895,32.49777879,32.3346863,31.09697483,32.51111674,33.88101804,37.03892918,37.8589833,37.31062961,37.94330107,41.47121093,39.63207921,40.03297494,40.67709026,40.62102422,42.09241158,41.73543924,46.0071839,,
Nauru,NRU,Taxes on goods and services (% of revenue),GC.TAX.GSRV.RV.ZS,,,,,,,,,,,,,,,,,,,,,,,,,,,,,,,,,,,,,,,,,,,,,,,,,,,,,,,2.695488415,1.776140414,2.393079713,2.484788462,1.706252385,
New Zealand,NZL,Taxes on goods and services (% of revenue),GC.TAX.GSRV.RV.ZS,,,,,,,,,,,,,20.69126576,19.1926885,17.33418776,20.16590389,18.7514613,17.94174757,19.31657224,18.56954419,18.47287511,19.09305427,19.68047126,21.02296986,20.51581793,17.63661121,19.40818103,24.84764126,26.30545158,,,,,,,,,,,,,28.93517435,29.2214015,28.96971319,29.08580055,27.25529475,26.39997491,25.88560409,23.9575786,24.52755539,26.63287602,27.49559352,29.1623325,28.92545606,28.85272757,29.03183214,29.16364593,29.10827541,29.38277833,28.75986647
OECD members,OED,Taxes on goods and services (% of revenue),GC.TAX.GSRV.RV.ZS,,,,,,,,,,,,,32.75862069,32.13875422,31.62940324,30.14705882,29.46204226,27.89656887,25.91289956,26.20713242,28.46544939,28.56871046,29.08518396,29.56039265,29.41368788,29.91642774,30.18354641,30.05767594,30.7386164,30.28963813,31.26183096,31.73457388,31.55613456,31.96504233,32.21154935,31.40191655,32.64868005,32.35717269,31.9824341,33.00469449,31.91353837,31.69161935,32.46465943,32.57948642,32.39934651,32.07945473,31.60419649,31.73122717,31.36669964,30.23693179,31.68458903,31.51034951,31.35857849,31.44076621,31.83824233,31.49495015,32.05801972,32.13144834,31.81126217,
Oman,OMN,Taxes on goods and services (% of revenue),GC.TAX.GSRV.RV.ZS,,,,,,,,,,,,,,,,,,,,,,,,,,,,,,,,,,,,,,,,,,,,,,,,,,,,,,,,,,,,
Other small states,OSS,Taxes on goods and services (% of revenue),GC.TAX.GSRV.RV.ZS,,,,,,,,,,,,,,,,,,,,,,,,,,,,,,,23.89018983,28.24405727,31.12943781,32.09576943,29.75282057,29.08849537,29.35074686,,,,,34.9538631,32.19441771,33.74086096,35.88645574,36.96376436,36.58810135,35.14747995,33.3760935,31.6031941,24.03794244,27.68055651,18.05745581,23.54607979,21.61098406,23.83196326,25.07193689,22.50125927,21.15465153,
Pakistan,PAK,Taxes on goods and services (% of revenue),GC.TAX.GSRV.RV.ZS,,,,,,,,,,,,,,,,,,,,,,,,,,,,,,,,,,,,,,,,,,,,,,,,,,,,,,,,,,,,
Panama,PAN,Taxes on goods and services (% of revenue),GC.TAX.GSRV.RV.ZS,,,,,,,,,,,,,,,,,,,,,,,,,,,,,,,,,,,,,,,,,,,,,,,,,,,,,,,,,,,,
Peru,PER,Taxes on goods and services (% of revenue),GC.TAX.GSRV.RV.ZS,,,,,,,,,,,,,32.69230769,32.69230769,35.82089552,35.95505618,41.22807018,41.50943396,46.3878327,41.37931034,37.19332679,41.30006566,47.08249497,51.71214553,47.28909357,55.35529092,46.99165763,52.19498976,50.86848635,54.47392986,49.90172495,53.16640612,50.67384774,48.89981165,50.20299615,45.60541619,42.53315782,42.86010141,41.83612947,41.71345995,39.97008392,40.74130674,43.60426673,44.5255102,44.76866245,40.48589017,36.68027743,35.88515979,37.13074271,39.28637649,39.06438429,36.15125064,35.07096646,35.86528216,36.01414114,37.86730402,35.38559325,35.3430523,36.71724088,
Philippines,PHL,Taxes on goods and services (% of revenue),GC.TAX.GSRV.RV.ZS,,,,,,,,,,,,,,,,,,,,,,,,,,,,,,,30.72317791,25.59922811,26.05341394,27.34532018,27.01455692,25.6909906,27.16254641,28.84595007,27.93328096,29.29610663,27.60255621,26.09021283,25.96555503,25.17802883,24.38326022,23.212359,25.07888764,23.84974706,21.41281539,24.99450178,24.36258184,22.66890277,23.9078921,25.72810803,25.29507804,25.77010927,26.03488746,26.95622418,27.27645071,
Palau,PLW,Taxes on goods and services (% of revenue),GC.TAX.GSRV.RV.ZS,,,,,,,,,,,,,,,,,,,,,,,,,,,,,,,,,,,,,,,,,,,,,,,,,16.03468353,16.19724958,14.38314783,17.20950812,17.14558646,18.76759657,18.03676375,19.22485021,25.54026721,25.15161466,24.68047059,
Papua New Guinea,PNG,Taxes on goods and services (% of revenue),GC.TAX.GSRV.RV.ZS,,,,,,,,,,,,,,,,,,,,,,,,,,,,,,,10.87877422,8.139381443,9.820549098,8.640995306,8.360222877,7.6641991,6.845627553,7.723902471,9.408373288,8.699983217,9.228372139,12.07796614,12.85685406,,,,,,,,,,,,24.28294737,24.35805031,24.64414525,28.24326434,25.11245142,
Poland,POL,Taxes on goods and services (% of revenue),GC.TAX.GSRV.RV.ZS,,,,,,,,,,,,,,,,,,,,,,,,,31.25199957,28.39797268,29.40101523,29.65039628,30.28420957,,,,,,27.68366072,27.87477915,25.68103787,29.66968391,30.00411579,31.92780341,31.44497218,30.99149974,32.67242268,33.08453542,35.4513488,36.52198436,36.88097813,37.26156226,38.10949947,36.03431596,38.44489532,38.061522,35.40891073,35.46093678,35.60782792,35.27467554,36.45781557,36.8095399,36.76832426,
Pre-demographic dividend,PRE,Taxes on goods and services (% of revenue),GC.TAX.GSRV.RV.ZS,,,,,,,,,,,,,,,,,,,,,,,,,,,,,,,,,,,,,,,,,,,,,,,,,,,,,29.85472374,,31.47888837,33.20434707,36.73512075,33.80651917,37.50444072,
Puerto Rico,PRI,Taxes on goods and services (% of revenue),GC.TAX.GSRV.RV.ZS,,,,,,,,,,,,,,,,,,,,,,,,,,,,,,,,,,,,,,,,,,,,,,,,,,,,,,,,,,,,
"Korea, Dem. People’s Rep.",PRK,Taxes on goods and services (% of revenue),GC.TAX.GSRV.RV.ZS,,,,,,,,,,,,,,,,,,,,,,,,,,,,,,,,,,,,,,,,,,,,,,,,,,,,,,,,,,,,
Portugal,PRT,Taxes on goods and services (% of revenue),GC.TAX.GSRV.RV.ZS,,,,,,,,,,,,,,,,28.10867294,29.82731554,30.3030303,30.63477461,30.34482759,34.57249071,32.86106999,33.76821416,33.45368526,33.98375699,32.89462291,40.26736632,37.73437549,37.35944982,32.99460369,31.88655687,,,,,34.0323891,33.827713,32.5660336,34.01182103,33.20942947,31.94209315,32.38922656,32.46465943,32.81069589,32.39934651,33.76867225,34.09188871,32.71817593,31.74908561,29.17724556,31.49328758,31.46604741,31.48820106,29.23198692,30.41915045,31.61682743,32.55500279,33.04332437,33.071086,
Paraguay,PRY,Taxes on goods and services (% of revenue),GC.TAX.GSRV.RV.ZS,,,,,,,,,,,,,,,,,,,,,,,,,,,,,,,,,,,,,,,,,,,,,,35.5665737,35.30094556,38.1765139,39.27126125,36.39658485,40.1802857,39.05882734,37.13607477,39.11769368,39.24942241,37.1843232,35.57930336,36.09735627,39.84783692,
West Bank and Gaza,PSE,Taxes on goods and services (% of revenue),GC.TAX.GSRV.RV.ZS,,,,,,,,,,,,,,,,,,,,,,,,,,,,,,,,,,,,,,,,,,,,,,,,,,,,,,,,,,,,
Pacific island small states,PSS,Taxes on goods and services (% of revenue),GC.TAX.GSRV.RV.ZS,,,,,,,,,,,,,,,,,,,,,,,,,,,,,,,,,,,,,,,,,,,,,,,,,,,,,,,,,,,,
Post-demographic dividend,PST,Taxes on goods and services (% of revenue),GC.TAX.GSRV.RV.ZS,,,,,,,,,,,,,,28.54364256,26.99420316,27.26166723,27.9296875,27.24482569,25.83136252,26.0668429,26.35515379,26.78812601,27.0241692,27.88453433,27.7538408,29.78175205,29.57304013,29.37800351,30.07142857,29.72694822,28.3999177,25.60816327,27.40430072,28.68331735,30.45149029,30.65392529,31.63144048,31.24468222,31.52860757,33.11932004,31.91353837,31.22882351,32.21526314,31.26920593,30.1557574,29.94864706,31.29753411,31.1797936,30.57514601,29.44223831,31.49024497,31.51034951,31.35857849,31.42382065,32.04348384,31.30687067,31.64191411,31.7609492,31.51913451,
French Polynesia,PYF,Taxes on goods and services (% of revenue),GC.TAX.GSRV.RV.ZS,,,,,,,,,,,,,,,,,,,,,,,,,,,,,,,,,,,,,,,,,,,,,,,,,,,,,,,,,,,,
Qatar,QAT,Taxes on goods and services (% of revenue),GC.TAX.GSRV.RV.ZS,,,,,,,,,,,,,,,,,,,,,,,,,,,,,,,,,,,,,,,,,,,,,,,,,,,,,,,,,,,,
Romania,ROU,Taxes on goods and services (% of revenue),GC.TAX.GSRV.RV.ZS,,,,,,,,,,,,,,,,,,,,,,,,,,,,,,,32.63813651,23.15912379,19.24106035,25.41689249,23.01942375,27.1574583,27.09149534,28.6340007,32.79496045,33.85714114,33.21241691,33.36238467,34.06269051,36.81150306,34.37489594,37.78762172,36.35219204,34.61825667,34.64868516,33.5795386,36.36773877,39.47962232,40.18173092,39.76745574,37.76205411,38.38089378,36.07390449,33.87308155,33.25911264,
Russian Federation,RUS,Taxes on goods and services (% of revenue),GC.TAX.GSRV.RV.ZS,,,,,,,,,,,,,,,,,,,,,,,,,,,,,,,,,,,,,,,,34.28046831,30.9390529,35.01326074,28.30147722,31.25252293,25.78886227,23.62254214,20.60795426,23.97584462,16.35485903,22.48273694,21.1228195,19.52041984,20.91804245,21.08706644,21.64348984,19.41712343,21.44355446,22.2648616,21.71425124,
Rwanda,RWA,Taxes on goods and services (% of revenue),GC.TAX.GSRV.RV.ZS,,,,,,,,,,,,,,,,,,,,,,,,,,,,,,,27.05841806,23.44355529,25.23596245,,,,,,,,,,,,,,,,,,,,,,25.26548869,26.23058417,29.45916533,28.49965068,29.80593301,
South Asia,SAS,Taxes on goods and services (% of revenue),GC.TAX.GSRV.RV.ZS,,,,,,,,,,,,,,,,,,,,,,,,,,,,,,,35.89153839,34.48231899,38.11215081,35.84217507,38.38759836,36.44566061,34.83421371,33.83690938,33.92886278,33.27528809,32.15255895,31.32392164,31.35067562,31.72841625,31.11297547,32.32165386,28.60587854,28.1825696,27.61461607,28.75832228,29.7410428,30.96397246,29.09138885,28.59485096,28.2187092,31.28522089,32.93057847,41.67641828,,
Saudi Arabia,SAU,Taxes on goods and services (% of revenue),GC.TAX.GSRV.RV.ZS,,,,,,,,,,,,,,,,,,,,,,,,,,,,,,,,,,,,,,,,,,,,,,,,,,,2.951383031,2.163521337,2.207796479,2.921112016,2.967001589,5.142208019,4.799123961,5.469030187,23.16569922,
Sudan,SDN,Taxes on goods and services (% of revenue),GC.TAX.GSRV.RV.ZS,,,,,,,,,,,,,,,,,,,,,,,,,,,,,,,,,,,,,,,40.54692463,35.07792789,,,,,,,,,,24.73959373,24.97118802,18.24444775,42.36312539,45.22798479,47.18326218,54.32698836,59.79051131,,,
Senegal,SEN,Taxes on goods and services (% of revenue),GC.TAX.GSRV.RV.ZS,,,,,,,,,,,,,,,,,,,,,,,,,,,,,,,,,,,,,,,,,,,,,,,,,,,,,,,,40.64987152,41.11638155,35.29304641,34.57811645,
Singapore,SGP,Taxes on goods and services (% of revenue),GC.TAX.GSRV.RV.ZS,,,,,,,,,,,,,17.38885763,17.57518797,16.11905682,14.52638271,14.69180132,15.36090419,15.8283671,16.8405975,15.78947368,13.82583045,14.21471173,13.38820302,13.96384595,13.78157504,13.87955048,14.46667182,19.4789261,19.59261617,15.99709042,16.19057182,15.79972553,15.22334935,20.17231947,20.23910383,16.99177562,16.78910814,14.88138403,16.35259112,18.04311541,18.41319276,18.52421652,24.750348,23.63218139,23.40739208,22.20697487,23.25554815,21.73983013,26.20792758,26.20287911,25.26962088,23.7200404,23.7157933,23.57442902,23.16944351,22.89875534,19.78460226,21.08846505,
Solomon Islands,SLB,Taxes on goods and services (% of revenue),GC.TAX.GSRV.RV.ZS,,,,,,,,,,,,,,,,,,,,,,,,,,,,,,,,,,,,,,,,,,,,,,,,,,,,20.33129472,18.52774172,13.68408244,15.53270472,13.37873171,14.17818776,22.13728243,14.78004255,14.57658766
Sierra Leone,SLE,Taxes on goods and services (% of revenue),GC.TAX.GSRV.RV.ZS,,,,,,,,,,,,,,,,,,,,,,,,,,,,,,,,,,,,,,,,,,,,,,,,,,,,,,,,,,,,
El Salvador,SLV,Taxes on goods and services (% of revenue),GC.TAX.GSRV.RV.ZS,,,,,,,,,,,,,,,,,,,,,,,,,,,,,,,,,,,,,,,40.05293673,38.92179475,33.67496538,33.09078309,39.23721092,43.25925285,41.60818127,44.32152055,44.59467544,42.55836946,40.65326747,38.56431402,40.46586424,34.61037675,42.54666554,42.78087462,42.78295187,43.0580142,39.74983719,39.01636263,40.16420709,
San Marino,SMR,Taxes on goods and services (% of revenue),GC.TAX.GSRV.RV.ZS,,,,,,,,,,,,,,,,,,,,,,,,,,,,,,,,,,,,32.49470962,,,,,,,25.09553825,24.62822343,23.12827013,25.77118666,24.78675784,26.05885295,28.26860958,25.83988209,24.73645352,21.99392007,22.66902264,23.70767388,21.75825514,21.8633629,21.20134367,20.73808029,20.49126506,
Somalia,SOM,Taxes on goods and services (% of revenue),GC.TAX.GSRV.RV.ZS,,,,,,,,,,,,,,,,,,,,,,,,,,,,,,,,,,,,,,,,,,,,,,,,,,,,,,,,,,18.64389205,25.32069897,7.298500383
Serbia,SRB,Taxes on goods and services (% of revenue),GC.TAX.GSRV.RV.ZS,,,,,,,,,,,,,,,,,,,,,,,,,,,,,,,,,,,,,,,,,,,,,,,,42.65420171,41.96122139,43.4870151,45.09647926,45.59933356,45.91382927,,,,,,,
Sub-Saharan Africa (excluding high income),SSA,Taxes on goods and services (% of revenue),GC.TAX.GSRV.RV.ZS,,,,,,,,,,,,,,,,,,,,,,,,,,,,,,,,,,,,,,,,,,,,,,,,,,,28.95915043,27.68055651,29.801916,,31.47888837,33.46463081,35.11348525,33.03682047,33.7400483,
South Sudan,SSD,Taxes on goods and services (% of revenue),GC.TAX.GSRV.RV.ZS,,,,,,,,,,,,,,,,,,,,,,,,,,,,,,,,,,,,,,,,,,,,,,,,,,,,,,,,,,,,
Sub-Saharan Africa,SSF,Taxes on goods and services (% of revenue),GC.TAX.GSRV.RV.ZS,,,,,,,,,,,,,,,,,,,,,,,,,,,,,,,,,,,,,,,,,,,,,,,,,,,29.37461103,29.40726208,29.85472374,28.93076,32.28522649,33.72491455,36.46789477,33.25640961,34.01140517,
Small states,SST,Taxes on goods and services (% of revenue),GC.TAX.GSRV.RV.ZS,,,,,,,,,,,,,,,,,,,,,,,,,,,,,,,24.37859659,27.65426421,30.84389427,32.55930129,30.41840886,30.18078865,32.42472309,,,,,34.9538631,32.19441771,33.74086096,35.88645574,36.96376436,36.58810135,35.14747995,33.3760935,31.6031941,24.03794244,27.68055651,18.05745581,23.54607979,21.61098406,23.83196326,25.07193689,22.50125927,25.97370231,
Sao Tome and Principe,STP,Taxes on goods and services (% of revenue),GC.TAX.GSRV.RV.ZS,,,,,,,,,,,,,,,,,,,,,,,,,,,,,,,,,,,,,,,,,,,,,,,,,,,,,,,,,,,,
Suriname,SUR,Taxes on goods and services (% of revenue),GC.TAX.GSRV.RV.ZS,,,,,,,,,,,,,,,,,,,,,,,,,,,,,,,,,,,,,,,,,,,,,,,,,,,,,,,,,,,,
Slovak Republic,SVK,Taxes on goods and services (% of revenue),GC.TAX.GSRV.RV.ZS,,,,,,,,,,,,,,,,,,,,,,,,,,,,,,,,,,,,29.72387971,29.11237905,27.22372521,28.56064485,27.52083062,28.95723514,29.88541102,31.47713986,32.99330573,35.67195609,34.70884417,32.15327601,32.64998642,30.98431368,28.95200466,29.82594632,30.47984757,29.19758629,28.79170919,28.80772412,27.54493095,29.53105444,30.64090022,30.23295486,
Slovenia,SVN,Taxes on goods and services (% of revenue),GC.TAX.GSRV.RV.ZS,,,,,,,,,,,,,,,,,,,,,,,,,,,,,,,,,27.40503207,28.38709677,32.12835093,,,,,,,,32.2112237,32.34827694,32.28131562,32.07945473,32.18452043,33.07263026,33.45432149,34.54586101,35.29141051,35.33231332,35.62859173,36.63425646,36.74194927,35.57364013,36.5488465,35.88870376,35.26911075,
Sweden,SWE,Taxes on goods and services (% of revenue),GC.TAX.GSRV.RV.ZS,,,,,,,,,,,,,34.33127727,35.0070922,33.32912192,30.40973111,27.9296875,27.89656887,29.19495635,30.18550759,29.64390897,30.14788469,29.08518396,29.58962489,28.39430435,30.05110343,30.75272236,29.37800351,30.07142857,29.26393745,30.60000999,32.96411601,31.96139793,34.49901622,37.3629386,34.98320727,33.4214233,33.36525567,33.01624105,33.02921062,32.12184234,34.75325369,37.34005742,37.36503519,36.76491327,35.87262597,36.06672614,35.47033424,37.07102974,38.81142916,38.91730007,38.45206835,38.70367105,38.30998821,38.31454102,37.72586752,37.77703559,37.53918485,37.67836959,
Eswatini,SWZ,Taxes on goods and services (% of revenue),GC.TAX.GSRV.RV.ZS,,,,,,,,,,,,,,,,,,,,,,,,,,,,,,,,,,,,,,,,,,,,,,,,,,,,,,,,,,,,
Sint Maarten (Dutch part),SXM,Taxes on goods and services (% of revenue),GC.TAX.GSRV.RV.ZS,,,,,,,,,,,,,,,,,,,,,,,,,,,,,,,,,,,,,,,,,,,,,,,,,,,,,,,,,,,,
Seychelles,SYC,Taxes on goods and services (% of revenue),GC.TAX.GSRV.RV.ZS,,,,,,,,,,,,,,,,,,,,,,,,,,,,,,,,,,5.794349939,5.338478855,4.515346581,7.460721496,7.512586532,6.899595439,5.976859504,5.161290323,,,,,35.60726624,35.15406054,42.56300673,35.96415755,43.7754148,38.27477551,30.72188004,32.32213286,44.31452654,48.69310389,43.91598208,48.14902524,52.14506731,49.64438696,
Syrian Arab Republic,SYR,Taxes on goods and services (% of revenue),GC.TAX.GSRV.RV.ZS,,,,,,,,,,,,,,,,,,,,,,,,,,,,,,,,,,,,,,,,,,,,,,,,,,,,,,,,,,,,
Turks and Caicos Islands,TCA,Taxes on goods and services (% of revenue),GC.TAX.GSRV.RV.ZS,,,,,,,,,,,,,,,,,,,,,,,,,,,,,,,,,,,,,,,,,,,,,,,,,,,,,,,,,,,,
Chad,TCD,Taxes on goods and services (% of revenue),GC.TAX.GSRV.RV.ZS,,,,,,,,,,,,,,,,,,,,,,,,,,,,,,,,,,,,,,,,,,,,,,,,,,,,,,,,,,,,
East Asia & Pacific (IDA & IBRD countries),TEA,Taxes on goods and services (% of revenue),GC.TAX.GSRV.RV.ZS,,,,,,,,,,,,,,,,,,,,,,,,,,,,,,,,,26.57763664,26.8496195,27.84388664,,27.03444072,28.21210772,26.39064123,28.17176062,30.22097236,26.09021283,27.82777164,32.14952844,28.20980842,33.81532113,36.65676325,30.79341257,27.14888423,30.19499113,29.58780048,32.77474049,32.33321873,34.27858483,28.94071268,28.62206934,31.62133031,29.78496325,29.45830991,
Europe & Central Asia (IDA & IBRD countries),TEC,Taxes on goods and services (% of revenue),GC.TAX.GSRV.RV.ZS,,,,,,,,,,,,,,,,,,,,,,,,,,,,,,,,,,,,,,,39.59612944,39.16282958,,,,40.84073187,37.69803461,37.15480304,39.15585197,42.03197615,38.10949947,39.10963539,39.93445895,39.4969537,40.78374724,40.80899092,38.02495256,39.46727439,38.03995707,38.55076447,41.16583731,
Togo,TGO,Taxes on goods and services (% of revenue),GC.TAX.GSRV.RV.ZS,,,,,,,,,,,,,,,,,,,,,,,,,,,,,,,,,,,,,,,,,,,,,42.41364371,48.30640091,45.28021289,45.70754913,43.02956296,34.27234984,35.86502351,38.80567256,42.42560916,37.07218507,44.65454854,46.00925952,43.31414456,47.08457676,39.8763615,
Thailand,THA,Taxes on goods and services (% of revenue),GC.TAX.GSRV.RV.ZS,,,,,,,,,,,,,45.13983166,45.36914277,45.50433954,44.20034471,46.93766938,47.62169414,45.95042889,46.40560315,46.26206327,45.21571196,47.62723919,50.19088148,46.20031635,45.6169269,47.99379071,49.47247088,47.29303201,46.79141326,43.34978365,44.79066584,42.91519962,41.15140565,40.54633524,40.59545517,41.6739724,42.63190743,47.85660712,44.77513094,42.0507041,38.73641956,42.27192832,40.04958905,40.0908076,40.12462982,39.93623311,39.7559505,36.86023622,38.25375512,40.22312794,39.45119394,39.09989591,42.34116691,41.71671984,42.65562537,42.52359122,43.29831708,42.45203155,
Tajikistan,TJK,Taxes on goods and services (% of revenue),GC.TAX.GSRV.RV.ZS,,,,,,,,,,,,,,,,,,,,,,,,,,,,,,,,,,,,,,,62.79820997,57.53757941,54.7682747,53.09148352,,57.37115574,54.09016733,,,,,,,,,,,,,,,
Turkmenistan,TKM,Taxes on goods and services (% of revenue),GC.TAX.GSRV.RV.ZS,,,,,,,,,,,,,,,,,,,,,,,,,,,,,,,,,,,,,,,,,,,,,,,,,,,,,,,,,,,,
Latin America & the Caribbean (IDA & IBRD countries),TLA,Taxes on goods and services (% of revenue),GC.TAX.GSRV.RV.ZS,,,,,,,,,,,,,,,,,,,,,,,,,,,,,,,34.9148222,32.98459101,36.81466429,35.49584396,39.15385726,45.01741319,42.53315782,41.9678723,40.99212116,42.11198043,39.97008392,40.74130674,42.12630781,43.89238153,43.44740157,41.52291838,37.15126979,38.3532831,38.2638113,37.76874905,40.03975561,36.34938604,36.6114212,37.49148792,37.63178178,37.52581361,35.38559325,35.3430523,38.2825389,
Timor-Leste,TLS,Taxes on goods and services (% of revenue),GC.TAX.GSRV.RV.ZS,,,,,,,,,,,,,,,,,,,,,,,,,,,,,,,,,,,,,,,,,,,,,,,,,,,1.459872501,1.410301786,1.634744153,1.854572672,3.846313195,5.854559215,7.703491171,6.98278191,5.668927278,
Middle East & North Africa (IDA & IBRD countries),TMN,Taxes on goods and services (% of revenue),GC.TAX.GSRV.RV.ZS,,,,,,,,,,,,,,,,,,,,,,,,,,,,,,,,,,,,,,,,,,,34.66581016,34.18845365,37.00275923,37.35086061,33.69899031,34.39148865,35.2054414,35.35393253,,,,,,,,,,
Tonga,TON,Taxes on goods and services (% of revenue),GC.TAX.GSRV.RV.ZS,,,,,,,,,,,,,,,,,,,,,,,,,,,,,,,,,,,,,,,,,,,,,,,,,,,,,,34.74721155,32.31034162,35.82479512,34.17811006,33.25716568,,
South Asia (IDA & IBRD),TSA,Taxes on goods and services (% of revenue),GC.TAX.GSRV.RV.ZS,,,,,,,,,,,,,,,,,,,,,,,,,,,,,,,35.89153839,34.48231899,38.11215081,35.84217507,38.38759836,36.44566061,34.83421371,33.83690938,33.92886278,33.27528809,32.15255895,31.32392164,31.35067562,31.72841625,31.11297547,32.32165386,28.60587854,28.1825696,27.61461607,28.75832228,29.7410428,30.96397246,29.09138885,28.59485096,28.2187092,31.28522089,32.93057847,41.67641828,,
Sub-Saharan Africa (IDA & IBRD countries),TSS,Taxes on goods and services (% of revenue),GC.TAX.GSRV.RV.ZS,,,,,,,,,,,,,,,,,,,,,,,,,,,,,,,,,,,,,,,,,,,,,,,,,,,29.37461103,29.40726208,29.85472374,28.93076,32.28522649,33.72491455,36.46789477,33.25640961,34.01140517,
Trinidad and Tobago,TTO,Taxes on goods and services (% of revenue),GC.TAX.GSRV.RV.ZS,,,,,,,,,,,,,,,,,,,,,,,,,,,,,,,,,,,,,,,,,,23.23675896,26.2138971,19.68061771,20.95467074,14.86789029,13.20870327,14.58346825,13.0777926,15.45436407,15.98719597,14.36441291,15.18167051,14.77948369,11.88122795,14.48187022,18.69653445,18.69653445,,
Tunisia,TUN,Taxes on goods and services (% of revenue),GC.TAX.GSRV.RV.ZS,,,,,,,,,,,,,31.80952381,31.84604905,27.0096463,26.0852329,28.43229069,30.43133524,27.90136011,25.58164017,23.48518355,25.16312908,22.76677933,23.351678,21.54270455,21.5379337,23.55363307,23.85353856,22.73386512,20.79424029,20.90520419,24.31679227,22.56006648,22.20664174,21.08084411,21.17596932,20.72428592,34.02374627,35.38701299,37.95025315,38.55834217,38.4421787,37.21374256,36.52217605,36.99145431,36.29087873,35.03643017,33.96472603,32.4022723,33.1448287,32.79027008,28.72133331,30.50695952,,,,,,,
Turkey,TUR,Taxes on goods and services (% of revenue),GC.TAX.GSRV.RV.ZS,,,,,,,,,,,,,32.91139241,32.71500843,31.56424581,30.14705882,30.89770355,27.12680578,21.89430336,20.57580028,20.93515286,20.87287842,,23.3136557,23.45587964,27.32289182,30.98400844,33.15714987,31.95518592,29.43212631,31.19171509,31.60356008,33.53021149,32.27432089,36.37283723,39.37124636,46.31118997,45.24836697,39.59612944,,,,,,,,,,35.36876985,35.42600851,38.74875911,39.18866133,37.3792704,40.80899092,38.287851,39.45058781,38.27060689,38.49343617,35.3127882,32.40138101
Tuvalu,TUV,Taxes on goods and services (% of revenue),GC.TAX.GSRV.RV.ZS,,,,,,,,,,,,,,,,,,,,,,,,,,,,,,,,,,,,,,,,,,,,,,,,,,,,,,,,,,,,
Tanzania,TZA,Taxes on goods and services (% of revenue),GC.TAX.GSRV.RV.ZS,,,,,,,,,,,,,,,,,,,,,,,,,,,,,,,,,,,,,,,,,,,,,,,,,,31.84761194,31.84761194,32.59623195,38.62733598,34.88147314,39.72175496,37.88040244,44.05651318,42.67666462,43.01112277,
Uganda,UGA,Taxes on goods and services (% of revenue),GC.TAX.GSRV.RV.ZS,,,,,,,,,,,,,,,,,,,,,,,,,,,,,,,,,,,,,,,,,,,,,,,,,,,,,,,,48.04310196,47.22131863,47.83519146,49.12014354,
Ukraine,UKR,Taxes on goods and services (% of revenue),GC.TAX.GSRV.RV.ZS,,,,,,,,,,,,,,,,,,,,,,,,,,,,,,,,,,,,,,,,37.06346702,32.67176384,27.83997923,26.52549572,22.88540723,21.49893409,27.95727412,31.31736539,29.23823108,31.33806093,33.87074041,31.37537687,35.30444496,34.35945974,34.14843898,33.82188666,40.0062673,44.54158364,43.99257871,43.68815713,
Upper middle income,UMC,Taxes on goods and services (% of revenue),GC.TAX.GSRV.RV.ZS,,,,,,,,,,,,,,,,,,,,,,,,,,,,,,,,,,,,,,38.11064651,37.95857694,,,,,36.6594576,37.90236736,37.81557267,36.91577361,37.73707808,36.72982122,35.91129668,38.9065717,38.43575037,35.07096646,35.0719335,34.05591728,35.31050746,34.7463159,32.84697541,34.91621731,
Uruguay,URY,Taxes on goods and services (% of revenue),GC.TAX.GSRV.RV.ZS,,,,,,,,,,,,,25.27075812,34,38.72387239,48.18241904,43.66045845,42.68292683,42.24250326,41.55511486,43.33885586,43.90478811,43.18530421,39.2390843,43.40689107,44.7161556,43.61115538,41.37165897,43.2340127,43.64496528,36.36714231,35.99512874,36.58137745,30.26530727,29.89862941,33.01275412,33.63656436,41.07564319,40.19520095,43.1711481,35.13703856,45.46313251,45.74836889,49.08917569,50.80522659,50.65148234,50.6154167,51.06265961,47.76191742,40.54527493,39.89922553,36.54752145,36.08676763,33.77292494,33.46051169,33.10560141,27.23532015,30.47261683,28.23133293,
United States,USA,Taxes on goods and services (% of revenue),GC.TAX.GSRV.RV.ZS,,,,,,,,,,,,,7.143858993,6.579486759,5.990202435,5.626993108,5.41053173,4.678031833,4.357010827,3.794359625,4.41122591,6.358336329,5.478995164,5.384803772,5.15786836,4.506917683,3.94741638,3.518278341,3.638176964,3.208637905,3.212851406,3.609554195,3.898272819,3.840156418,4.106129505,3.967158728,3.493395554,3.366138068,3.140163825,3.617373048,3.182632772,3.129721412,3.517330501,3.573926261,3.496312771,3.167209917,2.817741731,2.43646851,2.47290091,3.008888222,2.759912221,2.956038083,2.991669642,2.840750732,2.978667696,2.940638257,2.832608219,2.36635559,3.044842791,2.497714298
Uzbekistan,UZB,Taxes on goods and services (% of revenue),GC.TAX.GSRV.RV.ZS,,,,,,,,,,,,,,,,,,,,,,,,,,,,,,,,,,,,,,,,,,,,,,,,,,,,26.89503227,26.43045647,32.78707623,34.32863133,35.12801511,32.96359494,38.60809277,44.81204653,
St. Vincent and the Grenadines,VCT,Taxes on goods and services (% of revenue),GC.TAX.GSRV.RV.ZS,,,,,,,,,,,,,,,,,,,,,,,,,,,,,,,11.74734357,8.663366337,9.626512362,9.32112069,9.297520661,9.936055091,10.19945603,9.792993631,8.510638298,9.619450317,19.04515174,19.08011859,17.85125554,18.55151322,20.36058847,20.9525008,24.66438863,39.97512607,45.97310171,43.57285997,45.77976677,42.85833997,44.94069386,45.70176037,35.64020464,40.44401368,42.74138768,43.45727887,,
"Venezuela, RB",VEN,Taxes on goods and services (% of revenue),GC.TAX.GSRV.RV.ZS,,,,,,,,,,,,,,,,,,,,,,,,,,,,,,,,,,,,,,,,,,,,,,,,,,,,,,,,,,,,
British Virgin Islands,VGB,Taxes on goods and services (% of revenue),GC.TAX.GSRV.RV.ZS,,,,,,,,,,,,,,,,,,,,,,,,,,,,,,,,,,,,,,,,,,,,,,,,,,,,,,,,,,,,
Virgin Islands (U.S.),VIR,Taxes on goods and services (% of revenue),GC.TAX.GSRV.RV.ZS,,,,,,,,,,,,,,,,,,,,,,,,,,,,,,,,,,,,,,,,,,,,,,,,,,,,,,,,,,,,
Vietnam,VNM,Taxes on goods and services (% of revenue),GC.TAX.GSRV.RV.ZS,,,,,,,,,,,,,,,,,,,,,,,,,,,,,,,,,,,,,,,,,,,,,,,,,,,,,,,,,,,,
Vanuatu,VUT,Taxes on goods and services (% of revenue),GC.TAX.GSRV.RV.ZS,,,,,,,,,,,,,,,,,,,,,,,,,,,,,,,25.85804801,,,,,34.29684963,33.45403023,38.06607575,41.67790262,50.12646928,,,,,,,,,,38.53550296,47.06881801,49.84324042,56.61613101,62.17583794,58.77661184,37.64598303,36.2044176,37.69472805,35.40640683,
World,WLD,Taxes on goods and services (% of revenue),GC.TAX.GSRV.RV.ZS,,,,,,,,,,,,,,,,,,,,,,,,,,,,,,,,,,,,,,,33.79277963,,,33.03946201,32.57533036,33.6075466,34.91582331,34.94997223,33.73459106,33.74647566,32.26863297,31.55738497,31.87589048,33.26419585,33.27175557,32.78707623,33.19170948,33.72491455,34.24883141,33.3336635,34.01140517,
Samoa,WSM,Taxes on goods and services (% of revenue),GC.TAX.GSRV.RV.ZS,,,,,,,,,,,,,,,,,,,,,,,,,,,,,,,,,,,,,,,,,,,,,,,,,,,,,44.94500156,47.48952286,44.12547219,47.42497393,49.19343029,48.96449424,47.35321901,
Kosovo,XKX,Taxes on goods and services (% of revenue),GC.TAX.GSRV.RV.ZS,,,,,,,,,,,,,,,,,,,,,,,,,,,,,,,,,,,,,,,,,,,,,,,,,,,,,,,,,,,,
"Yemen, Rep.",YEM,Taxes on goods and services (% of revenue),GC.TAX.GSRV.RV.ZS,,,,,,,,,,,,,,,,,,,,,,,,,,,,,,,,,,,,,,,,,,,,,,,,,,,,,,,,,,,,
South Africa,ZAF,Taxes on goods and services (% of revenue),GC.TAX.GSRV.RV.ZS,,,,,,,,,,,,,23.67223065,21.33811231,17.83339851,19.77287909,22.13225371,22.21344914,25.69227334,26.5328874,25.06598139,27.31071473,29.03797073,30.25650455,33.70854423,32.81518819,31.82588435,33.9290688,34.69853159,33.9068407,34.88199534,34.07589223,33.30180926,37.27838551,38.42680324,36.77077881,35.09494953,35.57075737,35.07296976,34.60368584,34.53339618,33.10369124,33.7110509,35.2897226,36.18983384,35.19110029,34.42615557,33.68098629,31.34882374,31.51157585,35.15427689,33.10307897,34.08947788,33.14527289,33.09156461,33.97734776,33.31592668,32.81723134,34.01140517,
Zambia,ZMB,Taxes on goods and services (% of revenue),GC.TAX.GSRV.RV.ZS,,,,,,,,,,,,,,,,,,,,,,,,,,,,,,,37.44785935,28.05284785,30.51863308,18.33318649,26.85526521,22.44844774,47.46295912,50.36842105,31.67113261,35.9086966,,,,29.57217326,31.49015067,29.50812896,32.76052129,28.71155279,31.87518319,28.26924013,29.79007162,23.91235979,29.801916,38.13797259,42.64534595,32.43684228,27.85680559,36.89451675,38.00425932,
Zimbabwe,ZWE,Taxes on goods and services (% of revenue),GC.TAX.GSRV.RV.ZS,,,,,,,,,,,,,,,,,,,,,,,,,,,,,,,,,,,,,,,,,,,,,,,,,,30.52403754,28.95915043,33.54401671,35.81407311,,,46.87865685,46.78183577,47.06424224,41.23497718,
