Year,Argentina,Australia,Burundi,Benin,Burkina Faso,Bangladesh,Brazil,Botswana,Central African Republic,Chile,Cote d'Ivoire,"Congo, Rep.",Colombia,Costa Rica,Dominican Republic,Algeria,Early-demographic dividend,Ecuador,France,Greece,Guatemala,Guyana,"Hong Kong SAR, China",Honduras,Indonesia,India,Jamaica,"Korea, Rep.",Latin America & Caribbean (excluding high income),Latin America & Caribbean,Sri Lanka,Lower middle income,Morocco,Madagascar,Mexico,Malawi,Malaysia,Niger,Nicaragua,Pakistan,Peru,Philippines,Rwanda,South Asia,Singapore,Sweden,Togo,Thailand,Latin America & the Caribbean (IDA & IBRD countries),South Asia (IDA & IBRD),Turkey,Uganda,Uruguay,South Africa
1960,23.47923426,31.61924283,6.250000319,11.42497178,8.519938835,6.89426584,19.6780414,6.015737723,19.63635583,14.07684123,16.72493469,53.18682682,20.25478807,17.50043576,12.61154638,42.1845774,17.75819488,25.4143931,25.57757185,16.48514637,10.30088255,28.27278958,27.68868592,13.89840608,7.867760123,15.69046595,29.72405729,10.52189226,20.85603328,20.63379254,14.20656764,16.93303717,10.24347441,6.961362538,18.36883436,10.30927835,11.84793727,6.695547037,14.88343555,13.53198163,46.23941678,18.0559482,6.050418948,14.90743762,11.33308612,33.99055983,10.77441657,14.46365768,20.5953818,14.90743762,9.985315712,10.96419279,22.06896552,21.8813528
1961,27.76644706,33.1889674,6.896551996,10.96284084,8.654232441,7.729411347,21.35613949,7.399437813,21.19205263,15.51360149,19.84098339,64.65345362,20.49257191,18.87822578,8.867142985,47.189529,25.64921025,25.42510388,25.26637125,22.26648788,8.916133456,23.97991212,23.98390342,12.1841662,95.32014465,14.784986,28.312032,12.69515065,21.70363771,21.49185396,17.29101883,17.09466658,9.695464011,5.8355142,17.56372881,12.75060144,13.55204397,6.908799258,14.84132906,14.12838423,45.24515661,20.30195261,6.557376189,14.36484491,11.52646644,33.45777771,8.064521707,13.9594716,21.49185396,14.36484491,10.01390821,10.18033589,23.86363636,20.93064091
1962,21.73093502,28.46526292,7.377048973,11.10921134,8.707800699,11.99040867,19.60466029,8.799062314,23.27869317,12.73327147,13.88956778,36.29847941,18.12659185,19.4533334,11.90389516,35.42061341,17.31804713,23.73171192,25.97792851,23.42551372,8.779293459,16.63674446,28.44480258,14.89361702,5.602576586,16.43267869,26.71761593,14.07368939,19.92645245,19.67209725,15.33395506,17.60006596,11.4344909,5.044498679,16.45494737,8.333333333,16.45177085,9.876606466,17.22341104,15.53227771,45.2358935,20.07269582,7.999999488,16.06500124,15.46672993,33.19184255,10.18519274,16.98796229,19.67209725,16.06500124,10.70983811,11.14815178,19.58762887,19.81878089
1963,18.27287883,30.86856905,6.015037646,11.61682918,8.801236956,9.855628673,19.25988423,9.807095197,21.76655686,15.30431628,17.78283022,22.74108549,17.65442074,18.7944282,16.01828402,28.94066239,17.24118505,23.92028891,26.00714801,27.14220675,10.55590751,16.89346167,33.48997794,15.9556314,8.196210421,15.70913402,24.1679918,18.78736452,19.64830486,19.55736913,17.00455319,17.17598284,12.01055022,6.758229906,18.37339623,9.831254585,19.02654867,12.31646223,17.3864797,18.40649374,40.83064529,21.93558233,7.8125,15.62874139,17.34069064,33.0856233,12.82052214,19.82464169,19.49389234,15.62874139,11.69527897,12.80551578,17.16738197,23.99346308
1964,21.47391262,30.73660399,5.369127352,9.734165832,9.63910844,11.97516625,18.60239795,12.28287051,22.12643584,14.63274762,21.84455323,20.31055597,17.5140548,15.99412272,18.32098463,21.8466084,18.71029373,24.63716129,27.48639672,31.754039,12.8165663,16.05271039,36.24663526,14.61706783,12.08382982,15.90181051,26.92312849,15.41342202,20.27201818,20.08911816,14.44382623,17.23590262,10.45456442,7.070196366,18.86466135,7.692307692,18.76145108,10.79939294,19.62446358,21.01186153,38.2615553,23.77788415,8.307692691,16.09756996,19.8085635,35.56366353,20.14743184,18.52797242,20.01309033,16.09756996,10.93439364,12.08769307,14.32835821,25.29014845
1965,22.42767575,33.58521525,5.766593118,8.777499711,8.711953097,11.47627524,20.02392464,13.26219512,21.40921409,15.45969017,21.87222786,22.42798057,14.72523476,19.50362635,9.773674136,22.60394356,19.22200247,24.36489482,27.18196331,34.84303022,13.30929948,22.23448276,34.89572135,14.61712376,6.692113032,17.85048507,26.51209677,14.76322785,20.98887688,20.8390483,12.53092528,18.18312541,10.61662198,6.500634036,20.26084249,13.97193411,18.38674033,7.970064434,20.9188562,22.72357004,38.04407916,23.43812177,9.81183062,17.65506402,21.70867408,36.29938672,22.44009318,18.63513863,20.72488571,17.65506402,11.3277623,11.23773346,13.66120219,27.27272727
1966,20.54254663,32.65976672,6.767566522,8.778295118,7.972084048,9.016898293,19.89289111,21.81571816,21.13401804,16.83721903,21.82034643,30.25829317,19.05847036,19.05839096,15.85526984,17.32413168,18.83160138,22.38243597,27.96585613,31.42656344,10.75717265,23.86831276,27.64318723,16.03782162,4.526748971,18.34123339,28.01889201,21.69744951,20.84376543,20.78291433,14.33369318,17.71897383,10.09892896,8.53281324,19.45644737,17.41935484,18.10246285,7.842110811,22.98961526,18.87722443,39.7750006,22.21239649,9.664097803,17.54535483,21.73161721,34.76280233,16.38417385,21.77254825,20.70056294,17.54535483,12.84475965,11.49773071,16.51282051,24.78186969
1967,21.21503579,32.96735686,6.851483879,11.82516305,8.022715569,10.70870412,16.91871444,25.44620031,21.83623325,16.64350149,19.78228194,31.50684426,16.99801193,19.35734437,15.52957093,23.43441677,18.90985313,22.90410645,27.98146183,29.54725128,12.94117647,25.8170703,20.1098546,19.65390403,8.008964378,15.7083103,29.27592013,22.20124541,19.62433226,19.64658493,15.23735753,16.80275476,13.25246497,9.264742035,20.1564759,13.51074719,16.3798402,8.668275471,20.99256529,18.97259889,38.84116007,23.5355766,7.307595064,15.5419379,21.9319771,33.66144953,12.63157511,21.90058018,19.54949751,15.5419379,12.64204545,13.46070343,18.78354204,27.44639772
1968,21.69049729,33.03390818,8.189644417,12.3746563,8.270184987,14.15480135,18.91756155,30.73684211,16.21911628,16.95191378,17.81210511,29.58198376,19.09023501,18.02719133,15.37392271,27.86792192,19.7345329,18.35770879,27.51144007,32.0835314,15.1443651,22.26332971,16.61525434,18.49876314,8.804311537,14.37692409,34.87599646,27.09787938,20.54772569,20.49810023,15.85183803,16.04363538,12.58834129,10.31932152,19.3893188,16.10376897,16.37076999,9.71582791,17.73653946,16.06172968,28.74355909,22.58421317,8.188152454,14.43625274,24.63568875,32.61033531,11.01836411,23.27153489,20.40832867,14.43625274,13.3968254,13.09041835,13.85656292,25.40652317
1969,23.9906052,33.68189323,8.288770053,12.66318808,9.610307098,12.50836367,22.35219861,38.25382538,16.365681,15.70381417,19.52529038,26.70537675,17.87734498,20.02899899,18.13084112,32.35273648,20.34780125,22.48402678,28.40894933,36.75987144,11.40841853,20.81829122,16.35540464,19.37125604,11.66298749,16.08781009,35.1566435,29.93410646,22.45660104,22.25670947,19.27319367,17.02127319,14.19449104,10.78345469,19.66480296,18.37471783,13.59422357,6.22264169,18.96940279,15.08138044,27.779647,22.38219104,6.624270031,15.69703977,28.28803653,32.89929858,13.21841363,24.32591561,22.18306219,15.69703977,13.35616438,14.0170121,14.94669081,26.23894544
1970,24.44009525,33.02217036,4.530794619,11.59238015,10.27003377,11.34465694,20.54203211,45.32269761,17.98367251,17.1282883,22.49565293,24.21051829,20.23228489,20.5364402,19.14345338,36.64906885,21.55453684,19.55991545,28.1921749,36.45788462,12.82563025,22.75952203,20.40595516,20.88520055,13.62275449,16.65314139,31.53938421,26.324823,22.45097577,22.25964339,18.94759953,18.05432428,18.48559013,9.912717366,22.73918919,25.73316811,17.50781976,9.849693719,18.59421363,15.79233943,17.13131428,21.34359338,7.048658289,16.14057658,38.17631351,33.54348283,15.09973013,25.59769344,22.12412616,16.14057658,14.70737913,14.00466822,3.396226415,28.55731225
1971,24.11303242,32.14267996,7.607678643,10.28564363,14.87390023,8.227827284,21.11791444,50.44052863,18.74860653,15.23188816,21.8019049,26.60653565,19.41547028,24.336557,17.85778578,35.28134099,21.38470974,22.39885212,27.39029331,38.01793432,14.38432084,18.63144832,24.34316555,17.0998632,15.79520697,17.60451137,32.08827199,24.97673066,22.16306928,22.06345473,17.06761566,18.18843671,17.94463888,11.21947335,20.2417551,19.16996047,20.74874566,7.778458623,17.71517473,15.5381859,19.7833041,21.01872062,9.131804033,16.65649857,40.08860157,30.4244312,18.88467093,24.20860488,21.90109376,16.65649857,13.73195876,16.10194606,17.73915542,30.9564739
1972,23.89154462,30.46938225,3.181696102,13.36363688,17.27749445,4.697696405,21.17081374,50.94413847,18.43350918,12.80811085,20.87534817,29.08213034,18.12682608,22.02706979,19.70816142,34.30249107,21.37785563,23.25351865,27.65277627,41.74701058,12.12582687,19.83981312,23.41911651,15.94022515,18.77738826,16.13595392,27.33652978,21.47995407,22.1153901,21.92847769,17.30176428,16.79705889,15.27950311,8.819759241,20.31323894,24.39324117,21.52601969,11.06927833,12.84808284,14.01605912,16.79258849,20.75119125,9.559471262,15.12668803,40.86457969,29.34313337,20.68557241,21.67666095,21.76600636,15.12668803,16.81079211,11.64319249,17.15711581,26.53185528
1973,20.89381153,28.42985507,5.311823807,13.07596876,20.63106893,8.712006898,23.24408983,50.89997049,20.84581973,8.553731908,23.18011006,31.95364876,18.26986346,23.99334779,22.09706585,40.28419584,19.4109269,20.52541332,28.22529875,48.28359039,13.6851933,27.21774194,22.88334503,19.0684942,17.8872864,19.05803693,31.5018315,26.01089139,23.05933135,22.72761932,13.73614432,19.12375766,16.86300515,9.097383528,21.38209841,22.39010989,23.63937403,14.93725677,23.98171053,12.81188882,22.49450516,21.81348443,9.426229895,17.5353423,38.91261688,28.3336216,21.74393478,26.99594817,22.64561925,17.5353423,15.46703297,8.719973676,34.108299,26.65518938
1974,22.26033179,30.61454739,4.052299601,18.23111591,25.52317181,7.374857223,25.38869013,47.87208464,15.5018227,22.1529249,22.01623856,35.06032775,21.45577944,26.73865196,23.3471306,40.01653621,23.12461045,24.64319804,29.11681402,38.25292933,18.598767,26.4062009,24.18289585,26.19623006,16.78184535,19.2437066,24.32382364,32.59962049,24.57356414,24.50632407,15.7124227,20.34893617,20.45915325,8.660183993,23.17228889,27.32394366,28.48893167,15.05518345,31.49732766,13.18244762,28.5784771,26.94638944,10.4602505,17.69556515,44.49865174,31.13406189,16.38250631,26.63502807,24.50209136,17.69556515,17.89027834,11.61526966,15.85344137,30.03198721
1975,29.44104696,26.84308159,7.580076434,19.30209116,23.104222,6.147905815,26.83887315,41.89986674,13.80130839,13.99438271,22.44457888,39.11192105,16.9925057,21.6410984,24.51005779,45.4068269,24.48359598,20.57484429,24.89401211,36.41777403,16.09479141,33.06105263,22.94662123,18.95017794,20.34170457,18.95751875,25.76911344,28.5263098,26.25518118,25.80439696,15.57737894,21.6029351,25.38793222,8.137158292,23.69229091,33.71719841,23.3790077,14.31416965,21.41920522,16.38559852,27.27403165,30.85317277,13.73886825,17.74262352,38.8077531,31.65953466,27.66440006,26.75041342,25.79191717,17.74262352,18.70927707,8.05236391,18.89773733,32.34229759
1976,30.72943959,26.46274359,9.088417504,16.65218578,22.84450386,9.911362042,23.11621066,33.77125193,11.96626004,13.57252812,22.98922739,31.0038858,17.56270314,23.66219118,22.3138555,43.35027578,25.92909613,21.05575904,26.45921676,38.21036719,21.40517163,37.45268902,25.38159478,19.21365056,20.72129155,19.1531791,18.2131738,27.63597922,24.70797107,24.30628457,16.21031023,21.89540273,29.19775238,8.134726114,22.2885558,26.25816993,21.84440093,14.20970922,17.32108814,17.46647848,24.23564005,32.85800756,13.81930251,18.28239085,39.59635816,30.7517924,24.8648652,23.98528098,24.31159314,18.28239085,20.32312925,6.251787684,20.95897876,30.381099
1977,30.9416888,27.00106168,11.19641139,17.75093422,19.56245445,11.5232178,22.0691466,33.46482577,11.55393597,15.30133021,27.33238036,26.59574128,18.75203379,24.26976921,21.78888622,46.91473742,26.48753497,24.48968389,25.58416203,33.74401775,20.03831694,29.07441985,26.52147809,23.06079734,20.12761234,19.61373131,12.2262469,30.10570665,25.1021221,24.57141652,14.44502431,22.7546208,32.50939491,8.078257039,22.8457112,24.68406593,23.84662956,19.68237006,25.62536029,18.31142987,21.23940845,30.62749655,15.06351976,18.78437219,35.24142064,27.0123262,34.34554927,26.88475787,24.70088456,18.78437219,20.66647733,6.049679487,21.48539449,29.74624459
1978,27.80015957,25.85137106,14.03688618,16.06401038,18.3189338,11.54679855,22.97322186,36.36363636,10.88687069,18.91539964,29.76217101,27.3323232,18.28426355,23.46136179,23.87174721,52.21935258,26.67680068,26.60325304,24.31335427,32.7823325,21.61894964,20.50958429,28.72980346,24.34740456,20.53415985,23.24717703,15.0452182,34.48448588,25.5493332,25.17560165,20.04922067,25.28845109,25.43423868,9.586574396,23.60549422,38.44136381,26.66948213,22.9935619,12.33952848,16.99048397,21.41548737,30.77985519,16.60703036,21.74903252,37.86032916,23.55395812,52.68816077,28.16386659,25.3071006,21.74903252,15.14634301,8.281536306,22.71022887,26.66879906
1979,25.85676946,27.889229,14.91621548,19.0221797,16.40009385,11.20387213,22.7644531,37.21939539,9.794197902,18.7418211,27.96544933,25.96074349,18.15098539,25.31401397,25.35507747,42.54592649,24.46938743,22.78524468,24.85748726,32.0926725,18.74510999,30.99313777,32.63525925,24.54985584,20.93432088,22.43090117,19.21863682,37.47388303,24.73442185,24.43076091,25.82129154,24.24141418,24.49269055,16.09393071,25.94664928,30.23713129,28.91392383,25.83281469,-5.739737945,17.11258754,23.96636851,30.83045835,12.03077868,21.26577437,42.11681456,26.33015771,48.81381825,27.20522521,24.54057736,21.26577437,14.50271768,6.580100747,24.04150048,27.37798471
1980,25.25778629,27.12482239,13.88576799,15.15656795,15.10695056,14.4393913,23.34647495,40.05214966,7.007125589,22.10260864,26.53611796,35.76581576,19.06853774,26.5747299,24.62987887,39.07692344,25.30346577,25.3748809,25.74805764,30.61386736,15.86556158,32.75862069,34.85332721,22.70191474,20.87150159,21.07764677,15.90580545,34.03062547,24.49922489,24.31182684,33.76824447,23.42137554,30.35348265,46.58965819,25.72981767,24.74380659,30.42132513,28.11320797,16.77885309,17.66853561,30.34008913,29.0864783,16.14038306,20.65016455,45.02814114,27.68831001,28.44646755,29.14192413,24.39478597,20.65016455,18.16426414,6.154538369,17.34631903,31.35637804
1981,22.69108872,28.71790827,17.0061756,15.67675224,14.13092965,17.15576644,23.08412049,43.40567613,8.739405813,23.43476367,25.94047338,48.16318996,20.62399478,29.02664822,22.70376787,36.9905948,24.61318909,25.82635515,23.51853486,25.02019229,17.03165901,31.37132319,34.93933563,19.31158551,21.38449294,20.83003515,20.29810247,32.15998454,24.26477574,24.14337913,27.77483677,28.58295389,31.71888457,35.68788595,25.94430226,17.62476311,34.98689532,20.29157548,23.59401806,18.76626551,34.77178755,27.46274805,13.29908654,20.56646567,44.78321033,24.03362817,23.82408929,29.67530952,24.25704976,20.56646567,17.86988989,5.608315262,21.39046357,34.11518408
1982,21.75494795,29.87575022,14.45739664,27.60441693,17.92663493,17.36327909,21.09376443,37.65848524,6.669374574,11.71796049,23.18829037,59.73239437,20.4871425,24.68609352,19.23821274,37.28323756,23.2659207,21.7648178,23.79788699,29.78698159,14.14477392,24.96542185,30.98339328,12.92812853,22.58345268,20.98186221,20.86891238,31.96698704,22.35157776,21.8158703,30.76140188,28.3639578,33.42852203,26.3480536,21.55988646,21.40333976,37.31369511,20.58823621,18.77746918,19.26431165,35.09903169,27.8752873,17.77822041,20.82434773,46.27029063,23.59172491,21.33332902,26.51654201,21.93857538,20.82434773,16.95259336,9.092996556,19.79651878,26.52871889
1983,20.88775231,25.33609647,22.82679966,17.32151508,17.13226585,16.56273677,16.68204411,29.38912004,11.83265505,12.15699214,18.41277178,38.43843856,19.8932137,24.18175913,19.76254007,37.5695321,23.46092417,20.66603512,21.75040583,28.64299717,11.07182272,21.38964578,26.66961216,12.69070323,29.40177156,20.04817121,22.25876677,32.47674431,18.31199915,17.96562378,28.89120978,26.7392934,26.3485595,25.99914214,19.78151126,22.79749637,37.57026858,12.54548037,22.48170603,18.78826632,26.5259065,29.59490838,13.53058234,19.94805727,46.45068054,23.4216698,20.59629873,29.97527632,17.9674219,19.94805727,16.28529103,7.409611665,14.25354201,27.17322107
1984,19.96409245,26.66910366,18.37083548,12.78031782,14.16662848,16.48425757,15.74056011,29.44353062,12.30714187,19.3081832,11.6507777,30.39123631,18.96497004,22.69946366,17.87777246,35.16442287,22.36939744,18.78183489,21.22922648,29.80527408,11.57233356,27.42032307,24.41792116,15.96335499,24.88467494,21.0303611,23.12229467,32.297977,17.67636825,17.64758336,25.82701339,25.09922704,31.1128523,26.82163614,18.93074176,12.87923233,33.56002514,3.148002948,22.22851493,18.27075621,23.44461433,20.34754357,15.8065743,20.6023378,46.92765945,24.42052943,15.04142832,29.47311368,17.59858813,20.6023378,16.18031468,8.139835364,12.1267005,25.54336395
1985,17.58906692,28.06504605,13.86112932,8.939973748,22.95327815,15.8309437,19.20075347,22.99441288,15.38406105,17.04520532,12.95138474,30.28430264,19.0409037,25.88917329,17.37191114,34.56916946,20.98638028,18.95160655,21.16857972,31.34407874,11.49741958,35.79487179,21.50017258,15.87987036,25.34694597,22.65401294,24.30381182,32.27005198,19.25271053,19.01269096,23.82263279,23.74950166,30.67794612,18.76390559,20.00977669,18.58707389,27.5809991,12.74721907,23.13860585,18.32547225,20.92489521,14.34681569,17.30935063,21.86417194,41.09923941,26.78809067,16.63357536,28.24458054,18.97478117,21.86417194,16.51322819,8.732018454,11.37877294,22.04957623
1986,17.46176421,28.54711036,11.64423,13.46444464,20.13659159,16.17645483,19.09310889,21.48534526,12.77946311,18.86842175,12.06341005,29.45062753,18.00116265,25.20973983,19.57190292,33.55592415,20.80602809,23.56884713,21.75691999,30.33360799,10.33274397,40.1382507,23.43249357,12.6961513,27.64651732,22.07951482,16.94417282,32.61401086,18.84049294,18.68547422,23.65969444,23.55137909,27.48215829,20.50558138,17.83419879,12.46992601,25.98541777,11.60145542,16.89278248,18.76365318,22.41772758,15.23714581,15.87481472,21.43966549,36.55811428,24.99133259,18.82961335,25.87231091,18.71019701,21.43966549,18.84755664,8.446924527,11.18166228,21.02094122
1987,19.554866,27.41645316,22.61237161,12.92694051,19.22265641,15.47344203,22.30466061,15.50083346,12.63111525,22.3546766,12.31724466,19.72836302,19.99748878,27.12149083,22.84297546,27.55637978,21.67728966,25.40759223,22.26294214,23.08087281,13.91056437,31.1079099,26.06783697,15.95997628,27.24671899,24.04959059,20.64906533,32.58555208,21.00320666,20.91255132,23.33229973,23.66739663,25.11699806,25.00070536,18.31057874,17.27067468,23.08195104,11.65251141,15.79869303,19.13432632,22.50343953,17.49887223,15.66461158,23.02083076,36.51939099,26.20236993,17.63985035,27.87471199,20.99425301,23.02083076,25.66650473,9.718215889,14.29512041,17.78428404
1988,18.6400389,28.02772546,15.0351399,15.63323062,18.78891127,15.73598307,22.71852835,23.58451549,10.50941213,23.1475919,12.65035275,18.61911988,21.98974065,24.46626492,23.21926677,27.63948339,22.96547172,26.11010737,23.34268251,26.59217649,13.69919728,21.14548142,28.35202842,19.24261674,29.09802202,25.11721665,23.62214134,34.81571591,22.62810731,22.40568517,22.7775225,24.34617505,24.44381647,17.6010365,22.75126853,21.41806247,26.36137274,19.0518244,26.75106121,18.01421107,26.43178042,18.66821325,14.49243684,23.78891763,33.4082568,27.45899357,16.02726224,32.59088992,22.48518201,23.78891763,25.14260067,10.79234972,14.66974755,21.22829638
1989,15.51469828,29.67015027,16.46288679,11.81714414,20.41001717,16.12091443,26.90278706,36.10818292,11.75584426,25.80074685,8.90395595,14.1282962,19.97575416,26.58599561,25.76373334,30.07323412,22.87165944,27.08991607,24.26836863,26.8586544,13.5151112,22.23620555,26.52350724,17.54532493,30.6830326,26.07184448,26.61116545,36.71606701,22.98261604,22.84627492,21.72447606,25.74139291,30.27081388,40.7488309,23.10624119,24.55676643,29.870858,13.67754897,27.46168175,18.91145769,23.17376721,21.6004426,13.42601509,24.63365471,34.06069305,30.25160113,16.51984219,35.06611671,22.86884346,24.63365471,23.47258691,11.13622802,12.06646355,22.74589375
1990,13.99698158,29.00273613,14.53697686,14.06035642,18.91339663,16.45867552,20.16660691,37.36697697,12.70805981,25.94896473,6.688803339,15.90551181,20.60673055,27.3228218,23.34965915,28.58941955,23.56588926,24.07200302,24.40966033,27.55676755,13.60261471,31.13309854,27.17052478,21.06460006,32.70769009,28.62491682,25.8843923,39.55305296,19.52711072,19.70934775,22.20588967,26.8836697,31.06029454,35.96231421,23.27060354,23.04046567,32.36032616,11.13962363,19.27580248,18.93537303,16.16440551,24.15113851,14.64998322,26.70715481,35.65311389,29.67108946,26.57097399,41.35376259,19.66508128,26.70715481,24.54926752,12.70408004,12.20085101,19.41325413
1991,14.6369774,24.26956316,14.40976319,14.47804469,21.2456099,16.89594746,19.76910062,33.2101747,12.6480118,23.57983019,7.358001161,20.52816443,19.10546385,18.65379445,14.42376413,31.84132806,23.5615013,22.04545325,23.60216359,28.40504353,14.29528044,39.76315044,26.92142457,22.5987902,31.86942548,23.97167165,24.36427588,41.23401783,19.71604166,19.81490601,22.87018759,24.65515077,27.32216106,30.67470925,23.42627673,20.23570517,37.79047394,11.94730428,20.77637902,18.95414462,17.39809243,20.21833141,14.02174997,23.00488425,33.97994469,25.13030831,17.11375383,42.84137755,19.94059081,23.00488425,22.71203962,15.17126512,15.12534471,19.02496749
1992,16.70240577,22.39016192,10.63829807,13.62110874,19.30243347,17.30502928,18.93460235,30.41930063,12.40250132,25.18242361,6.923884602,21.59969088,20.55450146,20.6624446,18.79126779,30.75748786,24.27821106,22.6700564,21.96001178,25.40976935,18.32531872,51.75132623,28.17687361,23.79877188,30.17582734,25.33209814,29.82855891,38.73834045,20.03871469,20.20429227,24.27536487,25.45324418,27.71036859,36.09386686,23.32059903,19.93461213,35.3625516,8.38580647,20.92481035,20.1471869,17.78473112,21.33839514,15.63409604,24.29480391,35.51569591,23.10758389,15.71139364,39.96394765,20.45345043,24.29480391,23.36227144,15.93892774,15.3848956,16.76860652
1993,19.68811042,23.64667674,11.54014928,16.05813651,19.45939738,17.94683201,20.84635875,28.77953098,10.57848181,28.14629716,9.793071084,29.49611893,24.94213311,21.26665718,19.75813793,29.09090776,23.64730077,21.07743002,19.5434101,24.18197021,17.24628543,40.42814136,27.24986842,30.76104643,28.28067311,24.39922099,25.26193248,37.65429611,20.98477096,21.21326609,25.55723479,25.3137717,26.47419556,37.87512495,23.02057622,15.17122562,39.1837114,6.416446924,19.46602168,20.70199735,19.07140457,23.98137077,16.74702088,23.67785782,37.20204936,19.08403072,7.477953871,39.65614664,21.49159144,23.67785782,26.61560909,15.24578648,15.64129551,15.1623208
1994,19.96562325,24.31611334,6.974127152,17.80221471,27.16616165,18.40255619,22.99348937,25.98254421,11.70605363,25.73130213,13.71571807,54.48613543,25.53844675,20.99541235,21.00439561,30.08014286,23.38285671,21.28627174,20.31737475,22.78915455,15.68129958,27.22287779,31.37927421,34.49427149,29.57068775,27.19160601,24.23185867,38.51260183,22.16131132,22.24419706,27.02716704,26.66232861,25.66747298,32.87287107,24.92335243,29.09818147,41.20208123,12.84906277,17.53131976,19.41882796,22.24713174,24.06280937,9.982509017,25.88391794,32.91205931,20.41774015,15.04350715,40.90778485,22.55932719,25.88391794,21.32053293,14.68182634,15.87163413,17.72010326
1995,18.50041051,26.047027,6.363436388,21.41976714,23.92534288,19.11979582,17.29234635,27.13013375,14.11903115,27.67004583,15.59844581,36.57264249,25.79874333,19.74293207,20.04953703,30.90855625,23.88419258,19.82476483,20.51313622,22.47159269,15.0551087,33.22868326,34.29070085,28.92652158,30.42981109,27.79144209,25.25957395,38.94948795,19.01294165,19.424094,25.73108786,26.13864849,25.39394203,8.870919191,20.96587176,17.39213919,43.63990237,11.90586607,18.92908425,18.54552334,24.73911344,22.4505247,13.40913299,26.31365346,33.8813128,20.84652971,16.12978132,42.8626944,19.6142535,26.31365346,25.47355727,12.41202536,15.40771142,19.16665189
1996,19.62387245,24.85126014,8.209806157,17.55116797,24.94470713,20.7299506,17.26694638,23.44352121,7.275021434,27.84967073,12.11207057,32.79041317,22.15093866,17.9117927,20.05426754,25.67841235,23.83076848,18.53781543,19.62226875,23.3538692,12.68678211,31.85720693,31.80034664,28.53412384,31.60236064,26.04156625,25.55400098,39.42351944,18.9252288,19.37368576,24.24908349,24.83251419,24.47144061,9.526116187,21.57212184,12.32708608,41.47919852,14.51833938,22.17680296,18.99665735,22.5867587,24.01582561,14.37042637,25.01561228,35.04012456,20.60800415,18.76866782,42.53268871,19.43016606,25.01561228,24.55131495,20.17268942,15.24021227,18.04002767
1997,20.82605155,24.91666532,6.096849475,18.54485643,27.39177838,21.81621451,17.76398561,24.0519866,10.08018914,27.77917306,14.42444857,22.23338497,20.92375062,20.26459036,22.10140526,22.44697411,24.62649975,20.30894446,19.45200139,22.44088073,13.68454175,31.88794199,34.20019037,29.48686527,30.30767579,28.1188399,25.69477369,37.18862188,20.41860221,20.78050187,24.38614266,25.66580326,24.92166377,10.1519133,22.59693366,11.59881201,42.97308327,13.5135643,26.28560012,17.91919654,23.78941932,24.77575911,13.80977944,26.64199691,38.16979721,20.4738117,16.28748215,34.27472926,20.87568538,26.64199691,25.11078627,18.17855649,16.84529339,17.71511711
1998,20.97076915,25.69099995,6.771614193,18.15515708,24.17456283,22.12141282,18.16475192,37.93667259,11.01276891,26.94382504,13.51926727,26.68437527,19.72807918,22.80616481,28.06937834,27.14848325,24.71295172,23.99565774,20.68051093,25.17549987,17.39551621,28.92075512,29.0038637,28.34876847,27.42950667,26.61656669,22.60066257,27.77904874,21.15730698,21.44227028,25.1367897,25.68858045,27.80506118,12.24653094,23.69316212,13.46502229,26.6749752,14.65328195,25.82443338,17.71119965,23.20495,23.38636185,14.80766112,25.4422753,31.49003763,21.59370711,16.43731469,20.07149552,21.59405507,25.4422753,23.85661366,16.44714507,17.33757807,17.99153951
1999,17.86292788,26.21436093,5.88493632,18.22709372,16.53726788,22.7213703,17.38955974,25.62595125,12.9619644,20.86982846,13.30789947,27.77202788,12.88013417,21.09099983,27.11277108,26.23988636,23.45168661,19.62846281,21.36389819,24.149708,17.35399322,24.99795472,24.97950925,31.78360771,22.13875931,29.28629269,21.26335084,31.01282773,19.37171284,19.55810937,27.29051514,25.96984724,25.83248185,12.2933453,22.57876667,14.65000729,22.38200051,11.20215203,33.00268271,15.56494244,20.66125433,18.95821764,13.14879463,27.45803648,32.69147536,21.77493074,13.33985981,20.17340505,19.62633144,27.45803648,21.3416841,19.54912064,15.07533096,17.03509901
2000,17.53348744,26.3080439,2.78113771,16.00840245,15.50423907,23.80856257,18.90311927,29.55108039,11.07229594,22.11674947,10.4845624,22.6259542,14.89562703,20.73621629,27.8926622,23.56065383,22.9220447,21.27872101,22.48805446,25.82568675,17.83538743,23.77598249,27.58240928,28.28843121,22.24569693,26.67918328,23.46333789,32.8936287,20.00848553,20.16501699,28.03927368,24.51661825,26.35569717,11.93054641,22.95818123,13.56469858,26.86748915,13.03616454,26.65475319,17.57883373,19.62798476,15.68436416,13.37599967,25.66531646,35.174036,22.91002516,15.30447274,22.28260569,20.25762956,25.66531646,23.80016165,19.48382172,14.4570209,16.3653252
2001,15.62596533,23.47978771,4.468258563,17.75272024,12.76040128,24.17430673,18.7418603,29.88813662,10.24082921,22.36678545,10.51608017,26.35663721,16.03225135,20.14244599,26.77064407,26.8428274,22.28173983,22.34919319,22.16486803,25.69133517,19.65917041,21.5703447,25.49120382,26.00094413,22.53926632,26.65839797,25.8803612,31.60293756,19.51488478,19.61627123,22.0040128,24.87434258,27.61469972,14.50921734,20.83501268,14.89652953,24.39821997,13.70672439,24.30690783,17.40005904,18.15950517,18.94517588,13.72824423,25.49484607,27.6094318,22.96117275,16.34746632,23.11243721,19.74406394,25.49484607,18.13547079,19.30205942,14.32793979,15.74458201
2002,10.85390524,24.49310775,3.948660199,14.83372253,13.89330596,24.34141614,17.44907948,30.19380521,9.624946666,22.33307575,9.364770174,23.40759656,17.25154184,19.92750133,26.95675568,30.65357743,22.3249406,23.70237849,21.31558247,24.74970466,20.55392792,20.86049903,23.18095242,24.25843833,21.40407021,27.21512053,27.33771823,31.09283276,18.04465775,18.19903663,23.28905072,24.90697842,27.21162871,10.97024314,20.70577508,12.30359638,24.77734315,14.53227812,22.43231223,16.11533591,17.96814589,20.45913714,13.48071979,25.74983047,25.07361279,22.13939999,16.9815002,22.74419377,18.33451975,25.74983047,21.2431586,20.2174228,13.07290595,16.27796741
2003,14.1469621,26.01628046,7.868790037,15.16379004,17.17812481,24.67918886,16.8566884,30.14300769,6.404792507,21.04101861,9.079177833,26.09032417,18.68181902,19.00525936,19.40916274,30.34041581,23.32449792,19.58955329,21.18612886,27.374885,20.30059505,20.95211587,22.37964014,25.28088236,25.59849839,29.50377002,26.24763549,32.27961522,17.66522695,17.8352059,22.02046895,26.20097812,29.03533518,13.72456569,21.09587417,12.92234037,22.76338506,13.8303818,22.25050899,16.67059578,17.51028937,19.52873561,13.85840273,27.63822056,17.22452487,21.94580387,14.64031662,23.82929867,17.97593089,27.63822056,22.47351476,20.98414158,15.20630885,17.10588445
2004,17.55127036,27.17193995,10.34709713,15.21860513,17.6122209,24.99183394,17.91256834,31.47970201,6.812138026,19.77894959,10.1012411,22.52034084,19.44099661,18.99110042,20.62734865,33.2634044,25.59977549,20.19900654,21.88960334,25.30716964,20.84655363,23.54568087,22.35743374,29.66555733,24.05636637,36.08697529,26.46721089,32.54955312,19.09702291,19.130856,25.25376152,29.3381877,30.93419179,21.15102512,21.49498948,13.75468618,23.0495646,12.4317364,24.11100278,16.43436806,16.85568254,20.73100745,15.03255078,33.07560842,22.89246167,21.85341358,14.06425683,25.6814147,19.31054034,33.07560842,25.20531082,20.14568992,17.4684628,18.46659574
2005,18.88826414,27.55886731,18.2,12.08604489,19.35712281,25.83043551,17.20488348,27.15034196,9.864817356,21.84016717,13.93881658,20.19022881,21.65624131,19.0529303,24.77307115,31.65696906,26.12814148,21.63710123,22.45262344,22.09927821,19.7358827,24.78477367,21.05982119,27.62297589,25.08140994,38.07579251,26.94237701,32.50818478,19.40395448,19.49430352,26.82745552,30.16034114,30.27960726,19.3271127,22.12623426,17.09475377,22.39641781,19.23307187,25.88521373,17.72223714,17.28381768,18.56653007,15.77926475,34.92307475,21.50693625,22.27898543,16.4928828,30.42075086,19.65855232,34.92307475,27.0335475,22.35514586,17.69885809,18.31497742
2006,18.68048724,27.60444788,18.51298572,12.87346512,17.21898282,26.14414575,17.8164739,25.90469664,10.23421102,20.81581803,10.59140593,21.63245666,22.9389629,21.21883042,26.9268715,30.17114627,27.1214273,22.45981393,23.23771164,26.15190167,20.82414078,28.36570259,22.28514831,28.34192973,25.40021729,38.89730246,28.4225128,32.99330799,20.36379415,20.37781332,27.97990935,30.56227617,30.90230834,20.311268,22.82291704,20.01404169,22.70352422,19.70761699,28.25274744,19.33199938,19.65060237,16.01533777,15.89839466,35.80662803,22.37926344,23.25590037,18.48814191,27.01164339,20.55016077,35.80662803,29.56523749,21.13037002,19.46057338,20.18299445
2007,20.0991132,27.57140898,15.1864583,16.376868,18.77704388,26.17849707,19.81932597,30.79236437,10.68724058,20.84546483,12.67022898,21.81255483,23.45428069,23.46512958,28.35139098,34.46952282,28.60738612,22.70482793,24.1648123,27.13109788,20.8312075,24.66831099,21.3960755,33.66530061,24.92028385,41.93082687,26.57119436,33.09748305,21.83126552,21.77186565,27.95214336,32.24056993,33.88537983,26.51793134,23.11880995,23.06912807,23.40953497,18.87307979,31.30485579,18.78706931,22.03238732,16.12864711,17.7043285,38.14561112,23.06595291,24.88150089,17.89447232,25.49601429,22.02387247,38.14561112,28.71373288,22.08305527,19.52605525,20.9855217
2008,19.57277588,28.66459472,13.40895869,13.74042066,21.28793252,26.2022714,21.61938284,36.18710855,12.72849237,26.81762984,12.06917563,18.30297886,23.72092145,24.86344631,30.02372255,37.34799026,28.56788046,26.38750759,24.12988486,24.51129226,16.4020969,24.0150082,21.04121437,36.06596984,27.81624458,37.85054999,24.35053998,33.6668294,22.77697323,22.93098619,27.55238306,30.90681428,39.08912504,38.74609785,24.10684385,23.22912054,21.45830438,26.43271676,33.60226486,19.20584498,26.17834594,18.96714692,22.41663659,34.91524444,30.15967637,24.59070298,21.18491713,28.22643495,23.17321206,34.91524444,28.93590411,22.97777384,23.20809466,23.15016528
2009,16.05311236,27.39605363,18.97487302,14.86571873,20.53003998,26.20605702,18.79613505,38.9302334,13.20417248,21.05836895,8.696855236,22.51300625,21.98758309,18.43007075,23.57348335,46.87600321,28.19953669,25.63926505,21.33315982,18.33789732,13.05295465,26.1784475,21.84686409,20.59944375,30.98519241,40.11223583,21.05626776,29.39998973,20.24486877,20.22839717,24.43386575,31.55725634,35.04622015,37.22189435,22.88891649,24.46288532,17.83569496,28.43566671,23.20028911,17.54948045,19.97867798,17.4317212,22.07153627,36.50029142,27.37011521,21.03663181,22.09626187,20.63639838,20.47044544,36.50029142,23.01843719,23.79764539,19.6247745,20.70489939
2010,17.70553381,26.85114098,17.16038243,15.60808921,22.28251183,26.24665618,21.80132157,41.41207236,16.8437813,23.13998612,13.43703222,20.52317828,21.88876227,19.71485953,26.37996593,41.43150205,28.65573391,28.03731307,21.9462945,17.04824115,13.93750888,20.92910069,23.89046642,21.87984069,32.88012145,40.2202988,20.20652665,32.55211358,21.58407907,21.57873923,30.35247245,31.03205388,34.07441016,27.02739056,22.79309499,22.82318609,23.3865411,32.67886849,24.8400186,15.80455796,23.76050904,20.44177114,21.58018328,36.6343513,27.65822752,22.96203724,22.0283241,25.35665463,21.89204051,36.6343513,26.9727642,23.65507589,19.40760551,19.51298134
2011,18.39845892,26.50721223,16.34574756,16.46255728,22.49441854,27.42097337,21.82627609,38.5754791,13.70846447,24.64276539,4.70372346,25.27250437,22.99559144,19.88936246,25.02625542,38.05606964,28.73008284,28.14239888,23.22090937,15.1046568,15.22919992,18.71255856,24.1431843,25.99999164,32.98433326,39.59041148,21.43633201,33.31942582,21.94689737,22.00194518,33.36387203,30.45778194,35.77700631,23.35116381,23.28120862,12.42477403,23.18825797,31.63628856,30.98306879,14.12062743,24.2008756,20.73993657,22.03391219,36.10888618,26.69199435,23.83427153,28.612578,26.79145825,22.33594937,36.10888618,31.2686938,25.20179612,20.88231098,19.72094808
2012,16.50198653,27.74255764,16.3242741,15.27631274,24.92963747,28.26233501,21.41722537,38.83979889,10.83397513,26.44943795,16.08978574,25.99644792,22.10464406,20.4795953,24.29574454,39.15865192,28.71487948,27.79583594,22.62663227,12.80315375,14.954571,16.74849175,25.22013354,24.56420879,35.07159361,38.34741567,19.93317231,31.31664675,21.91187571,22.08978872,39.05554097,29.88835773,35.01906518,20.16891327,23.88655517,12.04940544,25.74862137,29.31053155,31.01176243,15.0759584,24.60605631,19.56072797,24.53126128,35.37190195,29.26294267,22.59122553,25.58013682,28.02416571,22.42030942,35.37190195,28.30414969,24.78302719,22.91537974,19.96598504
2013,17.3057789,27.89579166,14.61992918,18.86187235,24.10787056,28.38962075,21.69376694,29.40907613,7.515324022,25.62556817,20.71073361,30.94451855,22.18254485,18.97722239,22.7236665,43.39045766,27.75719996,28.46705779,22.28719307,11.60104744,15.84262667,7.542454775,24.03038856,21.7603523,33.83135679,34.02320208,21.26229282,29.88532729,21.868822,22.00123046,33.24941584,28.09875442,34.67513361,16.51290975,22.49338333,12.70245804,25.9371067,29.69495002,30.90487239,14.95733196,25.57418187,20.64222411,25.75453699,31.75791832,29.97950219,22.52312585,27.39031376,27.45710118,22.33391062,31.75791832,29.77321057,27.93457055,22.48441198,21.16355695
2014,17.26288101,26.74563505,14.19999622,19.25758563,19.47927604,28.57787571,20.54841076,28.19912431,21.99079072,23.24126217,19.7395877,41.29999723,24.00331366,18.80662195,23.11293969,45.5547494,27.89287975,28.31443808,22.70983107,11.91102028,15.07116236,20.64687579,23.82246942,22.18383223,34.60034391,34.26780562,22.47607583,29.79047863,21.11111557,21.1952833,32.30951506,28.19585978,32.53790891,16.49068711,21.90240018,11.9855601,24.97760843,31.02985279,28.87932712,14.63527172,24.66612051,20.92397044,22.94824107,31.95108164,29.43000828,23.50411874,27.91729547,23.91902497,21.52869968,31.95108164,29.0333762,26.59031448,21.20281221,20.49949351
2015,17.07070488,26.27069662,12.17761858,20.73186635,18.86688097,28.88668925,17.41164254,32.60315329,21.80538045,23.78573234,23.48476251,40.87290974,23.77369229,18.43282008,23.44214517,50.78114248,27.92054303,26.87009832,22.71232406,10.21701144,14.8281551,15.45514718,21.54147973,25.11800475,34.06279218,32.11673009,21.35379131,29.52928082,19.65946672,19.83732184,31.1813887,27.82098059,30.80095147,15.99188375,23.27675001,12.22162442,25.42421413,32.17992038,33.4767491,15.70703082,24.30511436,21.34094787,25.2542828,30.31161751,25.35319302,24.42868979,32.22329522,22.35566829,20.14690525,30.31161751,28.36202462,23.81515308,19.70539043,20.91795716
2016,17.66322786,25.37197856,9.190553677,20.2720396,18.86150015,29.65256875,14.96954698,27.03190117,22.46346795,22.21193231,21.74283843,27.75958265,23.16741956,18.37741275,22.97219036,50.7782079,27.22948868,24.97903494,22.60939274,11.47456202,13.86196874,21.11955676,21.50878681,23.37712854,33.8587393,30.1726917,21.28134328,30.1426786,18.53882716,18.69631758,27.85217934,27.14027864,32.39129555,16.36599162,23.76881287,10.78027979,25.99548051,26.75198206,31.2004944,15.68612456,22.02131339,24.6185031,25.22323357,28.66138109,26.74276075,24.71538705,32.00869196,21.10223028,18.97465984,28.66138109,28.22663944,25.38024085,17.79838865,19.1609659
2017,18.75723171,24.07073605,8.805998394,23.96042223,23.59532223,30.51045153,14.63038628,27.63251562,25.6012512,21.25658342,20.12192618,21.78111434,21.59937684,19.32107903,22.47188432,48.04879493,27.51347342,26.28025933,23.43619001,12.50952614,13.61890264,20.72293128,22.07090063,24.82069477,33.7105948,30.81897705,22.53587138,32.28806347,18.20597832,18.3347633,31.59487287,27.42117213,32.6494262,15.80637733,22.97206713,13.19204948,25.55954589,28.27868897,29.91551608,16.15053518,20.71181371,25.55877386,23.83503023,29.47514808,27.35401758,25.7247096,23.61833617,22.9293146,18.59122698,29.47514808,30.99347289,24.61404269,15.16398362,18.80621345
2018,20.96583763,24.4908859,11.10343828,26.39232072,26.23961986,31.23492404,14.82937141,29.43262244,25.90158353,22.26445916,21.44216075,19.13252471,21.32552887,19.62788135,25.79567092,47.11068113,27.12079023,26.74776488,23.87173734,13.11190208,13.8786843,37.45532561,21.99739624,25.89710279,34.55931126,31.69840571,23.33656778,31.31023709,18.57803931,18.73827114,30.43523369,28.30578731,33.52065644,19.61483986,22.74755723,10.86511119,23.61377387,29.32577918,23.86519394,17.34249372,21.30182947,27.15058204,21.54256095,30.3581461,25.49090655,26.00839715,25.34670201,25.18727729,18.97341398,30.3581461,29.57913214,24.74118941,16.54907946,17.94037997
2019,18.16636754,23.2627516,12.26299983,25.62980058,26.0404038,31.57030455,15.11296848,33.15269985,23.15599432,22.77472574,21.0361773,18.79226668,22.30448962,17.88126937,27.3462897,44.33441935,26.30294327,24.95487043,24.15682349,12.54260479,14.51662629,36.78741922,18.91107608,22.29145412,33.76552073,30.21392263,23.33656778,31.19626204,18.16441075,18.34562819,27.38846199,28.58558315,32.1691243,21.93510458,21.40570355,12.30797693,20.92204943,30.52583239,17.13518232,15.61077006,20.85343302,26.18969408,26.10663475,28.94274078,24.85910746,25.15123577,28.01524634,23.94658768,18.34838558,28.94274078,25.08995221,26.46706916,16.16109172,17.58901357
