Year,Australia,Austria,Belgium,Burkina Faso,Bolivia,Canada,Switzerland,Colombia,Costa Rica,Cyprus,Germany,Denmark,Dominican Republic,Ecuador,Euro area,Spain,European Union,Finland,France,United Kingdom,Greece,Guatemala,Honduras,Haiti,Indonesia,India,Ireland,"Iran, Islamic Rep.",Israel,Italy,Jamaica,Japan,"Korea, Rep.",Latin America & Caribbean (excluding high income),Sri Lanka,Luxembourg,Morocco,Mexico,Malta,Myanmar,Malaysia,North America,Nigeria,Netherlands,Norway,New Zealand,OECD members,Pakistan,Panama,Peru,Philippines,Portugal,Paraguay,Post-demographic dividend,Sudan,El Salvador,Sweden,Latin America & the Caribbean (IDA & IBRD countries),Turkey,Uruguay,United States,South Africa
1960,3.728813559,1.945765184,0.299467255,7.788161994,11.53315258,1.358695652,1.43880489,5.814076282,0.790205818,0.827300931,1.53661156,1.255230126,-3.5621918,1.676599126,1.741188372,1.177758035,1.741188372,3.418127254,4.139935755,1.003575704,1.47783379,-1.190693153,-1.746238157,-5.030041596,39.59044369,1.779877847,0.450837269,9.822410813,2.228112421,2.350161414,3.274249138,3.574511525,7.965578039,2.266870992,-1.544676806,0.449620296,3.424299065,4.927518869,3.384615385,7.389937107,0.063182598,1.408335819,5.444327362,2.323943662,0.360492347,0.697929234,1.967082996,6.947368421,0.051177072,8.664459163,4.15482178,3.046592778,8.181818182,1.53661156,0.092240286,-0.038974199,4.141779151,2.08,5.664739884,38.5040374,1.457975986,1.28887812
1961,2.287581699,3.542256991,0.992676261,18.56213873,7.561493072,1.018766756,1.845389885,8.283190456,2.43079391,-0.615384615,2.293675796,3.451628586,-3.900000001,3.985620506,1.870849614,0.809255325,2.077129487,1.691001915,2.400461045,3.44749623,2.103561662,-0.553335383,1.562992374,3.779706383,13.69193154,1.695212939,2.756999359,3.162564396,6.789823404,2.050697313,6.698450536,5.368461785,8.195648958,3.105250147,1.13444364,0.482433591,1.763124605,1.608759691,2.511321531,-0.146412883,-0.180407722,1.044745452,6.279147235,1.307639367,2.155172777,1.79770429,2.156572943,1.640419948,0.613810742,5.916708988,1.595633005,1.54899697,18.48739496,2.077129487,8.760511462,-2.682470368,2.15797311,2.43079391,3.172856997,22.74726399,1.070724148,2.102342706
1962,-0.319488818,4.381780854,1.404607035,1.675909561,5.879331422,1.061571125,4.315998865,4.697093951,2.677859687,0.103199174,2.843280086,7.377819548,9.157127992,2.870885315,2.752672133,5.70648671,3.553503604,4.383982782,5.331280071,4.196498882,-0.475436213,2.052550232,1.092150171,-0.55490426,131.3978495,3.632214971,4.263727121,0.721320572,9.408194068,4.691143607,1.407506702,6.835440348,6.618317756,2.076695284,1.503579953,0.895946647,5.096729081,1.198984178,0.168674699,-1.612903227,0.108440268,1.130172237,5.265632346,2.4311452,5.274259529,2.68085397,4.289862993,-0.516462234,0.788002034,6.641093264,5.796652201,2.662064179,1.418439716,3.519889484,1.662871366,0.096153846,4.766197219,2.100840336,3.888320251,10.90742438,1.198773348,1.246289513
1963,0.641025641,2.708775285,2.148003413,5.574202829,-0.706357215,1.628151261,3.440212018,26.35543553,2.931618471,1.958762887,2.966960863,6.105032823,8.579599619,5.939509059,2.921641663,8.74369245,2.921641663,4.996381886,4.999152898,2.01854356,3.184716045,0.151450899,3.081456019,4.306821754,145.9107807,2.946161357,2.453620587,0.371849607,6.581137365,7.454718225,1.762502754,6.706905564,20.69162906,2.514760284,2.2729054,2.876322462,5.699711687,0.594055008,1.876353139,-2.682563338,3.105253656,1.433910341,-2.694655352,3.243659328,2.471610529,1.968498504,3.075838454,1.456488448,0.449887528,6.070143884,5.62554937,2.021582728,2.097902098,2.874031403,4.688232536,1.569004163,2.871740345,2.931618471,6.362706928,21.25469572,1.239669421,1.337967944
1964,2.866242038,3.868574795,4.168760586,1.845123198,10.18181818,1.912144703,3.080553924,17.07243522,3.32403316,-0.303336705,2.335728095,3.092783505,2.107111501,4.034204538,3.656736639,6.979250995,3.416280397,10.27586074,3.211191703,3.281586947,0.617284452,-0.193563997,4.472101471,9.162145871,108.994709,13.35526115,6.717289719,3.814489572,5.172750423,5.912322532,2.013422819,3.800389453,29.46281568,3.679118849,3.195647176,3.096381512,4.021541474,2.337903172,2.180243999,-0.459418069,-0.402731571,1.595528134,0.856793146,5.823766469,5.867015388,3.474905477,3.459901979,4.179586881,2.413535705,9.792284867,8.183079057,3.444898482,1.369863014,3.334624629,3.950838434,1.757566204,3.387662311,3.32403316,1.119637815,42.3694157,1.278911565,2.534979686
1965,3.405572755,4.93090648,4.065201375,-0.730252523,2.860286029,2.332657201,3.414480925,7.590683669,-0.665000001,0.202839757,3.242329385,5.449999999,-1.891659501,3.069070662,3.666477086,13.21413526,3.986613884,4.940588068,2.703104559,4.773774554,3.220861496,-0.8,3.18627451,2.263942573,306.7631103,9.474758592,4.988123515,2.154374835,7.708333264,4.519268307,2.631578947,6.655990943,13.54820329,2.745932488,0.222783306,3.333679329,3.48282122,3.568038657,1.602218456,17.69230769,-0.105485232,1.958913232,4.103458738,3.908026394,4.18722444,3.397489756,4.353246374,5.568635479,0.461613217,16.38996139,2.564102564,3.424927777,3.859298158,3.666477086,-2.446029391,0.456974673,5.012771296,2.631578947,4.555533684,56.55655656,1.585169264,4.069023471
1966,3.293413174,2.05481781,4.174347619,2.36410602,6.951871658,3.815659068,4.775984441,16.72816827,0.182882838,0.506072874,3.533058578,7.064959697,0.262927257,5.453726928,3.432369175,6.240359156,3.703356298,3.873654019,2.602000766,3.909617792,4.903408334,0.684261974,1.784234657,8.301835853,1136.254112,10.80184835,3.054298641,-0.388148532,7.930367544,2.346588934,1.902398677,5.040832059,11.26138585,2.873194222,-0.15560166,3.331679773,-1.013579365,4.215788377,0.523123579,25.49019608,0.967969025,3.415367223,9.690346084,5.762146554,3.250563343,2.755480775,4.195067998,7.227621598,0.193470375,8.840603749,5.4,5.039267219,2.873194222,3.844656543,1.712463199,-1.187355436,6.404808253,3.483776136,8.471996215,73.46269321,3.015075377,3.489249619
1967,3.47826087,3.974672001,2.730302686,-4.333753909,11.2,3.579952267,4.0051927,8.328191364,1.208340311,0.704934543,1.796045507,8.207853558,1.238344989,3.818138157,2.987546067,6.39164209,3.319317546,5.377781834,2.791777094,2.482115605,1.841330313,0.485436893,2.091840987,-2.935310981,106,13.06220248,3.18331504,1.59761008,1.70609316,3.733338321,3.023538961,3.989848089,10.88244215,2.554394731,2.189239332,2.166156987,-0.748276994,3.016948475,0.693868316,0.833333332,4.57556214,3.176368945,-3.726336765,3.455320053,4.579269758,6.056920063,3.656645294,6.811399634,1.375814627,9.783602561,6.253953194,5.526476008,1.365267592,3.634875153,11.01355589,1.466916355,4.28931923,2.13625866,13.97489295,89.27529729,2.772785623,3.538965883
1968,2.521008403,2.764860589,2.701449829,-0.286713688,5.470623502,4.055299539,2.395827469,7.447538783,4.093891431,3.766666666,1.470304392,8.005207104,0.035976399,4.31765613,3.24282618,4.954360592,3.24282618,9.191667995,4.543204864,4.697427988,0.139057819,1.926328502,1.86122449,1.316211878,128.8430421,3.237412426,4.680851064,0.690360522,2.079221858,1.277313354,5.92869805,5.339432957,10.77181958,3.253567409,5.860566449,2.62542909,0.436479069,2.333950935,2.037300577,2.376033058,-0.158346529,4.163547846,-0.476059059,3.720791771,3.448293243,4.311924966,4.055299539,0.170627348,1.61904762,19.08661855,2.358806459,6.081361711,0.708073578,3.720791771,-10.03389536,2.537680713,1.943125825,3.969454105,6.046239662,125.3369911,4.271796153,1.986127529
1969,3.278688525,3.080397267,3.753992291,9.655529358,2.209748473,4.561558902,2.489025898,6.98166308,2.629340837,2.38515901,1.912663946,3.487919244,0.956628066,6.326681449,2.648069614,2.160340151,2.67462366,2.205610935,6.045962842,5.44666363,2.638886495,2.097280645,1.258214457,1.413181242,15.47987022,-0.58413661,7.418699186,3.593194516,2.458054256,2.657252734,6.303458535,5.249820911,12.38956768,2.441861168,7.456952734,2.29443437,2.949891354,3.367003367,2.334287602,-4.339051463,-0.409015025,5.011972551,10.1559792,7.421797364,2.962949511,4.925242427,3.487919244,3.186986796,1.827553889,6.236158061,1.955510323,8.782771056,2.246847536,3.278688525,12.60686857,-0.19499025,2.691994586,2.435202716,4.924193945,20.96666667,5.4623862,3.23823316
1970,3.439153439,4.372834991,3.908472385,1.772603315,3.955509211,3.346039814,3.615988321,6.908622758,4.652297493,2.40018825,3.450241667,6.514841417,3.816666666,5.129987488,4.140653688,5.73115584,4.506094218,2.740420431,5.299641246,6.366568417,2.841681991,2.344339349,2.880886427,1.368493407,12.39946465,5.09226162,8.207190161,1.66687094,6.110742036,4.968319873,14.7280042,6.924173835,15.95034161,4.303903352,5.866956078,4.639353444,1.279181324,5.003412055,3.715658848,-4.008438818,1.843935966,4.592147576,13.75707992,3.668918202,10.63720653,6.517181052,5.73115584,5.34984091,3.083294984,5.025235901,14.38146168,6.38014449,-0.859556021,4.968319873,4.02779565,2.817853922,7.016358851,3.955509211,7.923952083,16.30614494,5.838255338,4.991859976
1971,6.138107417,4.704264649,4.343628546,2.06121818,3.674614306,2.704918033,6.573226046,12.05673759,3.083048414,4.144006128,5.240974171,5.869869591,3.580028897,8.38402539,5.016319277,8.23688063,5.240974171,6.475765431,5.397518656,9.444837423,3.28947824,-0.453591881,2.223247942,9.579583282,4.233748945,3.079938684,8.961748634,4.195298373,11.97257732,4.791664383,5.336179296,6.395348837,13.51170385,4.313935621,2.665380209,4.67221498,4.155352068,5.469028994,2.323812158,2.087912088,1.613035964,3.49884236,15.99911485,7.477692552,6.223863235,10.38756832,6.395348837,4.730691482,1.919642857,6.790639365,21.40334354,11.94689837,4.953256936,6.138107417,1.303669009,0.445808668,7.395541138,4.313935621,19.01140868,23.95308891,4.292766688,5.957448096
1972,6.024096386,6.355134987,5.448431284,-2.923356559,6.511544012,4.988028731,6.660001326,12.02531646,4.601125693,4.832303619,5.484936719,6.562360903,8.640731556,7.881893607,5.906253517,8.272287728,6.007389699,6.662497835,6.063003097,7.071098395,4.331215999,0.529703252,3.612281758,3.189693969,6.521749213,6.442097462,8.605817453,6.398241351,12.88146126,5.749503937,5.427702996,4.843517139,11.68898571,5.18569768,6.34948605,5.225680506,3.759170557,4.943692364,3.372761068,7.64262648,3.231554224,4.130153489,3.457649752,7.802791435,7.25843583,6.932804592,6.562360903,5.183237645,5.409548839,7.219722168,8.204034135,10.66335598,9.180374973,6.063003097,13.55475071,1.535215367,6.007389699,5.969623504,15.41645572,76.48492378,3.272278247,6.425693925
1973,9.090909091,7.53108065,6.955280087,7.603890363,31.48602879,7.487647282,8.754676224,22.59887006,15.21403422,7.808882341,7.032025724,9.30338298,15.07953492,13.01176205,7.915543045,11.41670926,7.749086129,10.75447188,7.380601064,9.196033167,15.38463516,13.79603399,5.193201627,22.73891948,31.04188127,16.94081598,11.41485039,9.819486733,20.03237369,10.79861745,17.68259198,11.60862355,3.221029139,13.22618137,9.626643102,6.068098359,4.084614036,12.08193946,7.689289918,25.2,10.56017574,6.832703673,5.402664454,8.02220375,7.419472836,8.166669273,8.922792658,23.07008403,6.856430501,9.489051095,16.58003226,12.97460852,12.79689453,8.094436511,15.28908795,6.391974203,6.717997398,13.61831735,13.93816524,96.99726532,6.177760064,9.433972641
1974,15.41666667,9.521793791,12.67788775,8.719609454,62.8360756,10.99717115,9.767413601,22.58064516,30.07362928,16.17666667,6.986432425,15.27520622,13.14076737,23.32135427,14.66484789,15.68037832,13.16360261,16.9364,13.64931747,16.04401119,26.56083438,16.49489669,12.84954775,14.95069734,40.49179044,28.59873408,16.97612732,14.24893554,39.67997715,19.15976959,27.15818946,23.22224581,24.30419537,22.95099971,12.3028868,9.540655417,17.55682275,23.78401544,7.255616272,25.21166134,17.32898098,11.02598798,12.67439318,9.591424843,9.411768132,11.10940201,15.34593644,26.66303485,16.26806663,16.89166667,34.16359164,25.08277786,25.23331778,13.16360261,26.1581023,16.89903684,9.911725301,22.95099971,23.89816158,77.21341378,11.0548048,11.72412209
1975,15.16245487,8.445252783,12.76819859,18.75694661,7.976746025,10.6721886,6.696595407,25.18796992,17.36920202,4.63948584,5.910328845,9.605612075,14.50172574,15.36298569,12.22706292,16.95328243,10.46757583,17.81139723,11.68592725,24.20728767,13.62876803,13.15924438,8.376162506,16.77357032,19.16569713,5.748430298,20.87585034,12.87918183,39.30673238,16.95050257,17.37614679,11.73126615,25.2492579,15.36298569,6.625992553,10.71767113,7.918289267,14.94453464,8.791666666,31.65566293,4.487722269,9.90766773,33.96418832,10.21748053,11.68922348,14.68498347,13.19848331,20.90450946,5.881041307,23.6187353,6.761402705,15.27168575,6.693060084,11.68757537,23.96304764,19.08849965,9.779873988,16.77357032,21.22735524,81.40538401,9.143146865,13.42594374
1976,13.32288401,7.318688995,9.068609811,-8.400718778,4.494011647,7.54173863,1.715477366,18.91891892,3.485833333,3.854389722,4.246634608,9.010290836,7.765550239,10.67139375,9.711421109,17.62487561,9.347052796,14.34269309,9.625495782,16.55952256,13.02429447,10.725,4.883418958,7.038152278,19.8286537,-7.633947634,17.98569586,11.25614251,31.31086762,16.61416647,9.793653275,9.374036386,15.32732854,9.793653275,1.329518681,9.797346437,8.502152443,15.82472249,0.55151283,22.3844017,2.633711507,6.643275633,24.3,8.830643559,9.161472765,16.90685701,11.63675956,7.158323731,3.949999999,33.48327566,9.199227136,21.1419048,4.474614747,9.267754576,1.674884264,7.034689632,10.24922465,10.06953803,17.45568939,50.62304956,5.744812635,11.0204016
1977,12.30982019,5.494609539,7.096000591,29.9861043,8.107255521,7.976445396,1.295997511,34.09090909,4.160475483,7.326460481,3.734168424,10.92223781,12.85352751,13.01405518,9.767464736,24.5380634,9.767464736,11.79334692,9.494554672,15.84026675,12.36977333,12.32457969,8.434707719,6.491900581,11.05208979,8.307470092,13.47222526,27.28778468,34.61671467,17.13004879,11.19100164,8.161826896,10.09666316,10.68895742,1.224879588,6.705494115,12.59700099,29.06412471,10.0403748,-1.156687243,4.788224014,7.239064695,15.08783406,6.39930319,9.103839712,14.38354942,11.44180511,10.13296769,4.585537919,38.05409142,9.898751597,31.0167491,9.359852917,9.299197192,17.07633079,11.82027754,11.44180511,11.46793259,25.98533787,58.19617502,6.501683995,11.15196487
1978,8.004926108,3.574325327,4.470593316,8.269140072,10.35567228,8.973723352,1.02879153,17.51412429,6.038991916,7.436283299,2.718690536,10.21365457,3.477850342,11.65007264,7.573712239,19.77368321,7.755245963,7.799350746,9.250558467,8.263141039,12.57243712,8.28797625,5.748324646,-2.673594984,8.112582595,2.523048757,7.71114118,11.7219692,50.55095249,12.09401384,34.89980152,4.209566011,14.46028762,10.50795993,12.14159728,3.094660774,9.71603275,17.45729257,4.70751125,-6.044706126,4.860064586,8.302343595,21.70924574,4.112013169,8.161671543,11.95661797,8.973723352,6.138692667,4.200521233,57.84878263,7.334525939,21.03877236,10.66024759,8.083298826,19.2304044,13.27512329,9.995265417,10.50795993,61.89704444,44.54834367,7.630963839,11.13560797
1979,9.122006842,3.707403333,4.469083949,14.99346595,19.71971678,9.144676979,3.647641913,24.19871795,9.162929746,9.463708295,4.043622006,9.611050379,9.173805134,10.26625623,8.465334904,15.66022668,8.22168693,7.466961513,10.64673417,13.42127998,19.09417785,11.34338588,12.13535589,13.0939243,16.23276576,6.275683368,13.29545399,10.48723673,78.31001141,14.79857357,29.07925961,3.701850925,18.3235003,14.84230817,10.73192143,4.54652779,8.331365418,18.1912463,7.147107438,5.672295029,3.654467998,10.19957405,11.70973062,4.199292962,4.509727612,13.69959502,10.64673417,8.267046976,7.988818596,66.69442297,17.53333333,21.89922481,28.1610386,9.049209594,31.13845501,14.05602474,7.20978617,14.84230817,63.54310825,66.84428619,11.25447113,13.2936509
1980,10.13584117,6.328320876,6.648688297,12.2026365,47.2416501,10.12922051,4.022498695,26.58064516,18.14322881,13.51756058,5.441056191,12.30532408,16.75313569,13.04898406,13.54006971,15.5618949,12.91144233,11.59461925,13.56257885,17.96592427,24.67589123,10.82384323,18.06154304,17.77830525,18.03543016,11.34607348,18.1544433,20.64391444,131.0250003,21.06416828,27.30815899,7.778581766,28.69758728,18.14322881,26.1454101,6.299900062,9.408379474,26.35165136,15.7472541,0.608153084,6.674919535,11.83921124,9.97226199,6.513456863,10.87866109,17.15054542,13.56257885,11.93823091,13.80790191,59.14507124,18.20051049,15.86748038,22.44733014,11.94997166,25.35236901,17.36696826,13.70632236,18.10238592,94.26085988,63.47583043,13.54920197,13.6602472
1981,9.487666034,6.803038618,7.627486568,7.555705604,32.13360111,12.47161241,6.490307742,27.52293578,37.04218822,10.74469361,6.34424092,11.76738743,7.514638907,16.38747454,11.50975584,14.54935868,11.76738743,11.30575665,13.31440557,11.87662651,24.50606684,11.43306795,9.405691261,10.85833333,12.26590851,13.1125469,20.37352289,24.20358976,116.7999887,17.96929875,12.73971811,4.912162918,21.35165317,14.79715163,17.9689955,8.072943759,12.49252839,27.9337626,11.50975584,0.318444733,9.7,11.40316388,20.81282291,6.738929551,13.64296081,15.37015958,13.47868319,11.87991359,7.302328365,75.43326876,13.08259852,19.04041075,12.97469747,11.76738743,24.57572433,14.79715163,12.10393853,14.56451912,37.61478258,34.04533586,10.33471534,15.25423772
1982,11.35181976,5.436023634,8.726549066,12.05976521,123.5357186,10.7689719,5.655102643,24.70023981,90.11332882,6.432797267,5.241047126,10.12082568,7.646243066,16.25796959,9.584927647,14.41499582,9.584927647,9.584927647,11.97847195,8.598863833,20.99108482,0.307385561,8.982621706,7.359242276,9.445423954,7.890742794,17.1471142,18.68972593,120.3643921,16.48041462,6.545407967,2.741040956,7.190847626,7.812741412,10.82574917,9.357050994,10.5278073,58.91341985,5.818233972,5.304740405,5.81890003,8.45019945,7.697747247,5.91109324,11.34099617,16.16369412,11.05498403,5.903528784,4.250571763,64.44815854,10.22172714,21.67928373,5.120065437,9.470989321,25.71287975,11.72888687,8.58918509,8.397681559,29.1375145,18.9925013,6.131427,14.63903727
1983,10.03891051,3.339173357,7.661609837,8.153762774,275.5862836,5.86358803,2.949832676,19.48717949,32.62600649,5.049714241,3.293414603,6.908228812,5.628623294,48.43387471,8.669271598,12.17408352,8.669271598,8.366292606,9.459548472,4.609303273,20.17948325,4.538678151,8.252811658,10.24366335,11.79974052,11.8680813,10.44762952,19.74018918,145.9515304,14.64657667,11.58211108,1.899719713,3.420615454,11.58211108,13.96438801,8.669271598,6.207935389,101.8749384,-0.88099756,5.650083363,3.704235463,4.538011631,23.21233155,2.740842825,8.465244322,7.341075861,8.771146561,6.3620335,2.102841244,111.1506352,10.02935656,24.00276238,13.43375556,7.310485797,30.58777478,13.31431773,8.873021524,12.44821441,31.39027102,49.19737965,3.212435233,12.30320716
1984,3.96039604,5.663187493,6.34177491,4.846957682,1281.349942,4.304778304,2.931435997,16.36266094,11.947808,5.99195111,2.405795069,6.29077936,20.15167811,31.23023908,7.067656383,11.28026367,7.673802622,7.067656383,7.673802622,4.960710978,18.45685214,3.406750118,4.726368159,6.402032391,10.45503482,8.318907119,8.651113838,12.54021945,373.2156751,10.79449601,27.81476932,2.261613692,2.273942298,11.947808,16.63825375,6.435857808,12.44756933,65.44880713,-0.442500001,4.846311548,3.897272601,4.30265689,17.82053329,3.30163842,6.218274112,6.171253479,7.370729503,6.087166736,1.582643329,110.2085196,50.33897564,28.38463889,20.31146255,6.194763795,34.14634146,11.50716951,8.04424239,12.6412942,48.39232313,55.30442354,4.300535475,11.52648044
1985,6.734693878,3.189511634,4.868733995,6.906057821,11749.63963,3.962030541,3.435389869,23.97418165,15.05917603,5.034453664,2.066230732,4.678751452,45.33617555,27.98321603,5.195621954,8.814454809,5.395497315,5.195621954,5.831099739,6.07139434,19.31465181,18.6867913,3.362675236,10.64883901,4.724536157,5.556424232,5.395497315,4.389340957,308.7931304,9.205991443,25.67310124,2.032277346,2.459117006,22.32837506,1.481180122,4.093587785,7.728638901,57.7484484,-0.23520746,6.807566558,0.346458791,3.753837346,7.435344828,2.258584013,5.71485464,15.41765557,6.403044109,5.614839218,1.026619893,163.3995052,23.10310718,19.46141001,25.21071644,4.773742723,45.40750323,22.32837506,7.372574581,20.50758318,44.96173015,72.22256443,3.545644152,16.29422614
1986,9.050350542,1.705446658,1.294368191,-2.611742925,276.3359676,4.194786291,0.75030887,18.85459279,11.83042108,1.21836926,-0.129412805,3.678184119,7.638972666,23.03022611,2.538525918,8.794939747,3.678184119,2.933579204,2.538525918,3.427609404,23.01544655,36.9311213,4.352723832,3.279926634,5.822666962,8.729720727,3.827039315,18.42900302,48.04469274,5.823546919,15.10537542,0.595586799,2.74998327,18.68796069,7.976361936,0.294563409,8.733559187,86.23331699,2.027888714,9.3254619,0.737002855,3.046417007,5.717151454,0.083347949,7.176492748,13.21339806,4.763785906,3.506414248,-0.066384108,77.92102555,1.148137777,12.33133349,31.74259727,3.159097295,24.45349013,31.93501615,4.235910111,16.89666805,34.61007597,76.38063641,1.898047722,18.65492687
1987,8.533021625,1.401952938,1.553382613,-2.681784235,14.57869845,4.356108712,1.440328424,23.31038798,16.84519374,2.791666667,0.24990616,4.019993457,13.55072378,29.50399725,3.159407641,5.248021767,4.019993457,4.113028862,3.288898214,4.148922321,16.3968916,12.32321328,2.487154022,-11.44946461,9.278656132,8.801125813,3.159407641,28.57142857,19.67654987,4.747284904,6.65244805,0.126176842,3.049659098,14.57869845,7.717165606,-0.056662909,2.698739977,131.8273839,0.431725669,24.76,0.290007909,4.010335965,11.29032258,-0.691203091,8.717047452,15.74430079,4.551696808,4.681218546,0.996423097,85.82230624,4.069767442,9.634831862,21.81027404,4.066511159,20.55723775,24.86450034,4.188571518,14.06471112,38.85584348,63.56666243,3.664563218,16.16059499
1988,7.215939688,1.91572092,1.160934934,4.255616018,16.00209105,4.028234149,1.872459172,28.14006597,20.82984575,3.429266315,1.274123972,4.53513301,43.86383235,58.21628654,2.700815275,4.837264699,4.53513301,5.085928614,2.700815275,4.155351716,13.52883553,10.83270377,4.491257636,4.105468059,8.045367151,9.383471862,2.134571569,28.67063492,16.35135135,5.058247477,8.266765744,0.67855758,7.146095256,16.00209105,13.9915489,1.436590566,2.369055055,114.1622585,0.938344387,16.04280218,2.556519453,4.052987628,54.51122478,0.737943046,6.676365988,6.375249444,5.455413649,8.837937018,0.359220845,667.0193286,13.86006917,10.10163212,22.59425718,4.686198855,64.7005631,19.76116179,5.824898684,12.75852751,68.80964338,62.19195646,4.077741107,12.77954421
1989,7.533902562,2.568343847,3.107050651,-0.481798715,15.17346811,4.9836219,3.1552891,25.86138614,16.50832921,3.765480483,2.780559807,4.772723424,40.65791612,75.6481901,3.765480483,6.791437533,6.25983138,6.592909802,3.498302207,5.760249092,13.65556787,11.3871322,9.850409258,6.923905037,6.415539635,7.074280029,4.08904273,22.34965305,20.20905923,6.25983138,14.32953903,2.272289621,5.700160937,15.17346811,11.56753609,3.370958873,3.259969492,20.00787671,0.847691359,27.19852645,2.813200897,4.905312465,50.46668812,1.082160156,4.546143355,5.715991551,6.010040236,7.844264737,0.205867258,3398.67901,12.24299065,12.68630365,26.42212672,5.715991551,66.72032193,17.63407994,6.443275874,14.75150357,63.27255249,80.44743673,4.82700303,14.73088597
1990,7.333021952,3.261873123,3.44831218,-0.504303389,17.1187746,4.780476933,5.403953982,29.13782253,19.04613599,4.502054629,2.696471378,2.641603064,50.46247924,48.519113,3.44831218,6.721825301,6.149565312,6.149565312,3.19428338,8.063460909,20.43349964,41.22186714,23.32256644,21.27603201,7.819191447,8.971232503,3.317321299,7.627674938,17.19806763,6.456609061,21.96017512,3.078516287,8.573600687,23.32256644,21.49525205,3.253766591,6.782594015,26.65167256,2.983405861,17.62677503,2.617801047,5.089216687,7.364400306,2.454089859,4.131033483,6.098444148,6.589217181,9.052131553,0.769485355,7481.663611,12.17735221,13.63057057,37.25995618,6.098444148,65.158098,23.99916511,10.36655339,22.64137078,60.30386913,112.5259056,5.39795644,14.32097583
1991,3.17667537,3.337428845,3.215310693,2.162600527,21.44706982,5.625864086,5.859585935,30.34844055,28.70750241,5.035274388,4.047036816,2.395153317,47.07915741,48.80382775,4.047036816,5.934211113,5.484742751,4.310212898,3.213407324,7.461782957,19.45584256,33.16642192,33.97226025,15.41990737,9.419058277,13.87024618,3.210817028,17.12856794,18.96125309,6.249999298,51.07109773,3.251438488,9.333360725,25.96746251,12.18563072,3.118356599,7.986166008,22.66235946,2.542192848,32.27203829,4.358333333,4.930414025,13.0069731,3.158197519,3.438195991,2.60239286,5.896898524,11.79127034,1.256260777,409.5301666,19.26145853,11.84948418,24.22535211,5.625864086,123.5781269,14.40267488,9.444627329,23.44385578,65.97856799,101.9716832,4.234963965,15.33478204
1992,1.012231126,4.020845591,2.427955672,-1.991135807,12.0603236,1.490132904,4.037009164,27.0305636,21.78890182,6.510219531,5.056979322,2.096044429,4.259026389,54.34083601,5.163784654,5.924534287,6.217376909,2.919323193,2.363760463,4.591549296,15.87706538,10.045918,8.759886253,19.35849465,7.52351717,11.78781704,3.069997435,25.80772262,11.98891199,5.270589986,77.29659296,1.760283061,6.212678645,15.19274376,11.38343705,3.15417376,5.740246629,15.50789625,1.633212099,21.9132104,4.7672283,2.259476291,44.58884272,3.183585695,2.328085049,1.014560272,4.824264309,9.509041462,1.82452157,73.52829424,8.651003579,9.559260332,15.19274376,4.037009164,117.6244689,11.21448138,2.374367251,13.62653368,70.07610387,68.45919384,3.028819678,13.8747029
1993,1.753653445,3.631785595,2.754426435,0.553455724,8.527876957,1.865079365,3.292629483,22.44132146,9.780984243,4.854166667,4.474575055,1.25785668,5.250338807,45,4.569070885,4.569070885,4.854166667,2.190653196,2.104462771,2.558577969,14.41127089,11.81969017,10.74864672,29.70597151,9.671893382,6.326890488,1.469420884,21.20263075,10.9529703,4.626734683,22.06994942,1.243045897,4.80110249,11.81969017,11.74673702,3.588098185,5.18311396,9.751460454,4.144819542,31.83160687,3.536585366,2.408368166,57.16525283,2.584181156,2.288269332,1.288207766,4.569070885,9.97366476,0.453930079,48.57998645,6.716311041,6.783779947,18.20866142,4.144819542,101.3804238,18.50668833,4.728173046,11.32746305,66.09384298,54.10079244,2.951656966,9.71744832
1994,1.969634797,2.95340391,2.377540845,25.17787622,7.874044215,0.165562914,0.852141522,22.84718466,13.53534656,4.698589311,2.693057381,1.992014638,8.260767986,27.44252874,4.129921816,4.718413284,4.718413284,1.088556776,1.655515329,2.219012605,10.87407898,10.85532115,21.72934688,39.33161954,8.532005254,10.24793556,2.309198751,31.44702842,12.38148355,4.051842181,35.06339425,0.695458058,6.265814772,13.53534656,8.448712487,2.194764687,5.14167153,6.965812372,4.129921816,24.09878608,3.724970554,1.386502253,57.03170891,2.801526937,1.375674981,1.745377908,2.95340391,12.36819439,1.268431901,23.73690506,10.38647343,5.420440192,20.56619484,2.95340391,115.3981443,10.58580665,2.158138007,11.1492204,105.2149865,44.73604215,2.607441592,8.938543571
1995,4.6277666,2.243366681,1.467966991,7.458844978,10.19320676,2.148760331,1.799799563,20.8971286,23.18545074,2.61581788,1.706160524,2.083608424,12.53595946,22.88613303,4.222816141,4.673803185,4.426645503,0.791239407,1.796481421,2.697495183,8.934511217,8.411413123,29.46452923,27.60818517,9.420323216,10.22488616,2.52486728,49.65598585,9.991728701,5.23542258,19.90874884,-0.127899045,4.480686995,12.98068691,7.674848734,1.86769425,6.123581648,34.99927129,4.426645503,25.1947124,3.450575096,2.47709001,72.8355023,1.923224572,2.460367787,3.754944137,4.222816141,12.34357852,0.994206983,11.12870297,6.83199611,4.222816141,13.42541436,3.754944137,68.37519295,10.02965645,2.455148578,12.21052632,89.11331722,42.2483198,2.805419689,8.680426268
1996,2.615384615,1.860973769,2.077021074,6.097804391,12.42548662,1.570531125,0.811658038,20.79708679,17.51173477,2.978924865,1.449726473,2.126298023,5.39929385,24.37308869,2.978924865,3.558840831,3.558840831,0.629194238,1.982883651,2.851782364,8.194548902,11.05691653,23.83783531,20.58359621,7.973280856,8.977152338,1.753732139,28.93734402,11.35509099,4.00697669,26.40665661,0.136600359,4.924809687,11.29742947,15.93583104,1.183859688,2.986809228,34.37838322,2.054,16.27539664,3.488559459,2.250867663,29.26829268,2.113787871,1.262532492,2.285713054,2.9312042,10.37380859,1.255716611,11.53794241,7.476103778,3.068977325,9.79968339,2.615384615,132.8237774,9.788920402,0.533131979,9.79968339,80.41215114,28.3420486,2.9312042,7.354128857
1997,0.224887556,1.305983072,1.628160495,2.318690622,4.70844436,1.621216381,0.520214642,18.46256908,13.24842746,3.605344444,1.939369425,2.182166779,8.296567548,30.64298008,2.109245627,1.971078904,3.11207792,1.192558834,1.20394294,2.201143135,5.536006784,9.232902949,20.19986676,20.55900734,6.226141634,7.164252115,1.525605217,17.34922575,8.927606699,2.043107798,9.657552613,1.747804587,4.439063761,7.720839578,9.573696264,1.367512612,1.038198951,20.62562873,3.11207792,29.69723258,2.662514597,1.979453159,8.529874214,2.109245627,2.566923359,1.187148331,2.201143135,11.37549289,1.324351221,8.56218949,5.590259397,2.336862983,6.949566085,2.201143135,46.65032277,4.490136279,0.658410256,7.145111609,85.66936165,19.81880932,2.337689937,8.597770743
1998,0.86013463,0.922465841,0.949250288,5.084333441,7.673228957,0.995942457,0.017948859,18.68125654,11.65882654,2.227707327,0.911185301,1.84565122,4.831665586,36.09843316,2.227707327,1.834329229,2.415517872,1.399473786,0.651126868,1.820561637,4.766221864,6.613460705,13.66810775,5.26903547,58.45104447,13.23083898,2.415517872,17.86613421,5.480471172,1.955085577,8.63189613,0.661974191,7.513340122,6.930641229,9.364243007,0.95857011,2.753113308,15.92839501,2.385251354,51.48754975,5.270342003,1.274110778,9.996378124,1.959136323,2.2524133,1.265244099,1.959136323,6.228004154,0.559081293,7.247821752,9.234934323,2.572752259,11.55326844,1.834329229,17.10505647,2.547059776,-0.267132668,5.612709077,84.64134348,10.81107031,1.552279099,6.880552536
1999,1.483129403,0.568990767,1.120848234,-1.072613628,2.159516268,1.734842951,0.806446857,10.87339782,10.04512158,1.63,0.585433144,2.497795444,6.470541868,52.24235091,1.66345995,2.31034695,2.157179181,1.162231557,0.537141639,1.752950801,2.636637863,5.213610586,11.66374098,3.004394216,20.47783111,4.66982038,1.631923764,20.07070781,5.160456095,1.66345995,5.954239491,-0.341296928,0.812996589,5.583925039,4.69170563,1.025196765,0.684782609,16.58561697,2.134768888,18.40104337,2.744561302,1.961435074,6.618373395,2.157179181,2.365967366,-0.11426713,2.157179181,4.142637181,1.247182569,3.469659963,5.939049018,2.340094903,6.752265861,1.611761176,15.99474583,0.51482713,0.462175756,4.18112267,64.86748764,5.658688039,2.188027197,5.181487799
2000,4.457435148,2.344864555,2.544517762,-0.304212168,4.608229989,2.719439957,1.558518468,9.222570802,10.96228165,4.141657647,1.440268187,2.903282032,7.724135662,96.09411369,2.853030393,3.433516755,3.15076707,3.042100807,1.675959887,1.182956242,3.15118063,5.977577347,11.04803493,9.333221976,3.68861916,4.00943591,5.5907173,14.47675132,1.050748938,2.537685321,8.171083561,-0.676578684,2.259184779,7.069913523,6.17627591,3.15076707,1.894634568,9.491561494,2.369592875,-0.109165515,1.534740237,3.048148614,6.933292156,2.360522338,3.085506091,2.615234462,3.042100807,4.366664513,1.498961116,3.757338333,3.977125032,2.853030393,8.982159768,2.579876112,8.033055445,2.271287568,0.899143734,5.977577347,54.91537058,4.763824727,3.376857271,5.338951583
2001,4.407135362,2.649999223,2.469258231,5.007432908,1.589653779,2.52512014,0.989017153,7.969702931,11.25579673,1.973041917,1.983856936,2.337870003,8.883068488,37.67802094,2.785165427,3.589834949,3.37396699,2.578440801,1.634780795,1.532349603,3.37396699,7.285873666,9.674155569,13.31672224,11.50011488,3.779293122,4.872904873,11.27424713,1.150442478,2.785165427,6.990623416,-0.740055504,4.066419648,6.840359025,14.1584558,2.663821106,0.619801875,6.367738062,2.929492443,21.10130538,1.416784732,2.675645629,18.87364621,4.155841272,3.00419704,2.625816304,3.00419704,3.148261446,0.307062436,1.977098785,5.345501956,4.369903306,7.268060286,2.656910164,4.871466645,3.750820575,2.405958341,5.536653263,54.40018876,4.359340652,2.826171119,5.701904835
2002,2.981574539,1.810359539,1.645214362,2.175694807,0.928258852,2.258394409,0.642708442,6.351925074,9.166405592,2.801155052,1.420805605,2.424436612,5.223367698,12.48401857,2.465323192,3.065765372,2.424436612,1.571220128,1.923412287,1.520402459,3.629358946,8.132630543,7.69050972,7.032874062,11.90011757,4.297152039,4.614733277,14.33593374,5.741469816,2.465323192,7.07746604,-0.923494027,2.762511352,5.341015214,9.55103167,2.074086136,2.795619669,5.030727332,2.188490481,57.07451126,1.807872463,1.922213018,12.8765792,3.287531047,1.286725284,2.677092577,2.465323192,3.290344726,1.005830904,0.193135004,2.722772277,3.600346583,10.51024209,1.998749211,8.33381706,1.865525036,2.158482136,5.030727332,44.96412095,13.97247259,1.586031627,9.494706671
2003,2.732595966,1.355556733,1.588964,2.034565741,3.337274997,2.758563214,0.638298911,7.130741686,9.448252205,4.139065387,1.034227766,2.075078206,27.44971274,7.929410005,2.098472191,3.039233684,2.09199839,0.877440386,2.098472191,1.376500385,3.530651885,5.603476754,7.674166394,28.69957779,6.757317194,3.805858995,3.49048968,16.46801162,0.723963181,2.672555528,10.09993338,-0.256541816,3.514879242,5.980978141,6.314637871,2.049840306,1.167733675,4.546900121,1.303837774,36.58971753,1.089676326,2.514329093,14.03178361,2.09199839,2.487825535,1.753574448,2.098472191,2.914134701,0.391666667,2.259377534,2.289156627,3.218990907,14.23679705,2.021685429,7.710690832,2.120390917,1.925655349,5.302387732,21.60243845,19.37973017,2.270094973,5.679418064
2004,2.343255225,2.06120354,2.097283112,-0.400228702,4.437380801,1.857258719,0.802882618,5.901261815,12.31481481,2.286217068,1.665733409,1.154356931,51.46085983,2.742181329,2.225679164,3.03920165,2.286217068,0.187120559,2.142089646,1.390397567,2.898848959,7.578622473,8.113790971,21.03183393,6.064059885,3.767251735,2.199628507,14.7615087,-0.410719786,2.206736614,13.54229699,-0.008573388,3.590591391,4.688408848,7.57592583,2.225679164,1.493444034,4.688408848,2.790828481,4.534213741,1.421271159,2.267247706,14.99803382,1.263647392,0.454498502,2.290249028,2.225679164,7.444624693,0.474723078,3.662473201,4.829210836,2.365362041,4.32326493,2.079243326,8.418006386,4.451943924,0.373659829,4.451943924,8.598261681,9.157605075,2.677236693,-0.692030138
2005,2.691831683,2.299138822,2.781432637,6.415040184,5.393231069,2.213552034,1.171951144,5.051420287,13.79779527,2.560161323,1.546909652,1.817814583,4.190202605,2.407769783,2.487696652,3.368453988,2.487696652,0.62387445,1.745869364,2.08913649,3.54507354,9.108649857,8.809060748,13.97300833,10.45319842,4.24634362,2.429691984,13.43311801,1.309413342,1.985292985,15.08207205,-0.282946069,2.754090201,5.393231069,11.6396861,2.487696652,0.98264166,3.988057146,3.007966525,9.368618142,2.975070927,2.80314944,17.86349337,1.688130179,1.532133676,3.037023326,2.451501323,9.06332737,2.855883248,1.616301939,6.516853933,2.277163949,6.807382031,2.375320073,8.516734349,4.690948709,0.453170853,4.69927739,8.179160368,4.69927739,3.392746845,2.062852225
2006,3.555287737,1.441546962,1.791207701,2.333108564,4.282396048,2.002025395,1.059525055,4.292450118,11.47075134,2.30468733,1.577428259,1.924221385,7.572805239,3.298748463,2.666314946,3.515374911,2.666314946,1.566663807,1.675124496,2.455661664,3.19594393,6.560852828,5.577752077,11.34521522,13.1086721,5.796523376,3.931639895,10.01589825,2.116832892,2.09084391,8.520885431,0.249355116,2.241847104,4.292450118,10.02018361,2.666314946,3.28476167,3.629467624,2.773780065,19.99648734,3.609235642,2.613984748,8.22522152,1.101501065,2.329349808,3.365401962,2.533992583,7.921084401,2.457893464,2.002258012,5.485232068,3.107665459,9.589349411,2.457924442,7.196736744,4.037123594,1.360214686,4.292450118,9.597242123,6.397649744,3.225944101,3.243901675
2007,2.327611289,2.168555998,1.8230563,-0.230627306,8.705609236,2.138383993,0.732336631,5.545141282,9.357220397,2.372651837,2.298341797,1.693265862,6.143566552,2.27618478,2.453965281,2.787030473,2.510665652,2.510665652,1.48799806,2.386561508,2.895001475,6.821617536,6.936214709,6.557227726,6.406562813,6.372881356,4.897115644,17.34104046,0.468407415,1.829741122,9.285653324,0.060039454,2.534846871,6.426279345,15.84211149,2.312458618,2.042085127,3.966849055,1.249219238,35.02459707,2.027353178,2.495528237,5.388007969,1.613858598,0.712589074,2.376143103,2.458743124,7.598684411,4.168633003,1.779986447,2.9,2.453965281,8.130474177,2.327611289,7.976023489,4.578085724,2.212168834,6.143566552,8.75618091,8.114645612,2.852672482,6.17781207
2008,4.35029855,3.21595023,4.489444205,10.6597979,14.00681077,2.370270674,2.42604804,6.998550403,13.42472922,4.669008419,2.628381749,3.416267943,10.6446211,8.40009594,4.075660764,4.075660764,4.164971935,4.065953554,2.812861949,3.521408563,4.152797447,11.35576113,11.40342708,15.28177448,10.22666455,8.349267049,4.060304951,25.41050903,4.592798333,3.347832584,22.03045685,1.380078862,4.673795957,10.06624182,22.56449553,3.40187963,3.714843115,5.124982746,4.258621719,26.79953719,5.440782211,3.104685486,11.58107517,2.486501983,3.753930818,3.958949373,4.075660764,20.28612109,8.758683177,5.785875982,8.260447036,2.588506577,10.15478465,4.152797447,14.30651248,6.707922935,3.437049106,8.71626873,10.44412838,7.877073747,3.839100297,10.05528203
2009,1.771117166,0.50630835,-0.053145674,2.608176664,3.346454201,0.299466803,-0.480467934,4.201044769,7.842546301,0.326276652,0.31273763,1.30470991,1.442151318,5.159968292,0.368041998,-0.287996835,0.839262247,-9.17E-07,0.087620478,1.961731736,1.210084518,1.859102547,5.496342738,0.39388604,4.38641555,10.88235294,-4.478103392,13.55155483,3.328907436,0.774768131,9.573787278,-1.35283673,2.756686477,2.94426625,3.464963221,0.368041998,0.971862999,5.297355842,2.084327461,1.472343114,0.583308406,-0.028039732,12.55496039,1.18977687,2.197385869,2.115651106,1.019377353,13.64776506,2.409053041,2.936231536,4.219030521,-0.835530022,2.591946734,0.839262247,11.24854637,1.055950297,-0.494460544,2.764089135,6.250976631,7.062218744,-0.355546266,7.264562145
2010,2.918340027,1.81353628,2.189299204,-0.764230735,2.503276058,1.776871541,0.688233449,2.271183264,5.662691396,2.430040841,1.103809161,2.31092437,6.329932201,3.554377346,1.525516021,1.79988133,1.531122704,1.184135232,1.531122704,2.492654725,4.712972862,3.859509098,4.69889065,4.827341901,5.134204008,11.98938992,-0.922095829,10.08936293,2.707664066,1.525516021,12.60950824,-0.719979429,2.939181359,4.008118163,6.217648893,2.273679116,0.993557401,4.156727227,1.515635136,7.718381959,1.622852356,1.708457492,13.72020184,1.275305696,2.418906395,2.30202386,1.801170221,12.93887056,3.491288726,1.528320597,3.789836348,1.402572899,4.651162791,1.996212367,13.24539414,1.179335769,1.157988027,3.796443338,8.566444206,6.69870887,1.640043442,4.063538973
2011,3.303850156,3.286581974,3.532082107,2.759767249,9.884464198,2.912135089,0.231336577,3.417589591,4.878145546,3.289449396,2.075174525,2.758682261,8.459362886,4.474532658,3.289449396,3.196146412,3.289449396,3.416807543,2.111597952,3.856112447,3.329864062,6.214123931,6.762279573,6.332794838,5.35604779,8.858360966,2.557188832,26.29338567,3.467381591,2.780632729,7.529692443,-0.267633601,4.02584625,5.671523849,6.716768436,3.410683411,0.90692491,3.407378246,2.962985282,5.021460146,3.174470922,3.034488329,10.84002754,2.341070178,1.284951588,4.027906674,3.341216943,11.91609271,5.875802437,3.369310953,4.718417047,3.653011004,8.253968254,3.329864062,18.09661712,5.128923767,2.961150738,5.482044481,6.471879671,8.092832063,3.156841569,5.017157733
2012,1.762780156,2.485673529,2.839663434,3.818152403,4.515602914,1.515678231,-0.692545842,3.167325603,4.495378139,2.3890541,2.008490922,2.397914857,3.694549458,5.10172181,2.485673529,2.446000185,2.662841655,2.808336226,1.954195316,2.573234797,1.501527961,3.781807547,5.196186155,5.018041554,4.279499996,9.312445605,1.696208973,27.25681272,1.68422871,3.041363332,6.898248186,-0.051939058,2.187221208,4.144572841,7.542913732,2.662841655,1.287122401,4.111509811,2.375820578,1.467583227,1.663571025,1.792507748,12.21778174,2.455547653,0.696864111,1.059913184,2.485673529,9.682351861,5.698199592,3.655709068,3.026963911,2.773338541,3.67591898,2.485673529,35.55905741,1.729734816,0.888377507,4.144572841,8.891569965,8.097765806,2.069337265,5.723943662
2013,2.449888641,2.000158912,1.11309594,0.533738507,5.736400237,0.938291898,-0.217308518,2.018098479,5.231241344,-0.399357676,1.50472098,0.78907178,4.830950967,2.721775777,1.219993423,1.408546292,1.219993423,1.478286157,0.863715498,2.291666667,-0.922168807,4.343371313,5.161898986,4.765024048,6.412513302,10.90764331,0.508714869,36.60303552,1.571392169,1.219993423,9.344402834,0.346440326,1.301377058,3.306553603,6.908450348,1.734039635,1.880654667,3.806390697,1.180284364,5.643038834,2.105012312,1.201562277,8.475827285,2.506898527,2.120486204,1.134422664,1.438297872,7.692156119,4.027159916,2.806716509,2.582687661,0.274416667,2.683857387,1.408546292,36.52234491,0.757669185,-0.04429297,3.306553603,7.493090305,8.57513504,1.464832656,5.776404135
2014,2.487922705,1.605804145,0.340002833,-0.258089518,5.766600746,1.906635907,-0.01322916,2.897818744,4.519380809,-1.354988854,0.906797949,0.56402054,2.998642261,3.589220166,0.24104743,-0.150870313,0.199343827,1.041196212,0.507758823,1.451120163,-1.311210501,3.418361697,6.129249303,3.4381666,6.394925408,6.353194544,0.182542317,16.60655324,0.485030942,0.24104743,8.290005777,2.761954083,1.274714702,3.478322391,3.179002282,0.628543985,0.442310054,4.018616081,0.310306472,4.953299185,3.142990509,1.764429442,8.062485824,0.97603508,2.041702867,1.227507506,0.620490637,7.189384028,2.626526999,3.244963042,3.597823439,-0.278153367,5.028827675,0.906797949,36.90664279,1.141344675,-0.179638494,3.478322391,8.854572714,8.877353332,1.622222977,6.136020151
2015,1.508366722,0.896565316,0.561429153,0.724838981,4.059610411,1.125241361,-1.143900644,4.990234275,0.801946649,-2.096997691,0.51442054,0.452034154,0.836746347,3.966646233,0.037514381,-0.500461321,-0.06164468,-0.20792884,0.037514381,0.368046842,-1.736036796,2.388720328,3.15783118,6.731840697,6.363121131,5.872426595,-0.289879079,12.48468156,-0.632490013,0.0387904,3.675887919,0.78951789,0.70620817,3.143416962,3.768367831,0.474743161,1.557907113,2.72064065,1.100548264,9.454171895,2.104389802,0.621934248,9.009387183,0.600248147,2.171136654,0.292704628,0.309364548,2.529328173,0.137492058,3.549288049,0.674192537,0.487938624,3.129002745,0.368046842,16.90945571,-0.731384487,-0.046784745,3.143416962,7.670853648,8.666269871,0.118627136,4.509208278
2016,1.276990945,0.891592367,1.973852647,0.441041448,3.623214318,1.428759547,-0.434607639,7.514293228,-0.017551757,-1.429166667,0.491748625,0.25,1.614166072,1.728264633,0.183334861,-0.202671741,0.183334861,0.356684501,0.183334861,1.008417368,-0.825651782,4.448441999,2.724612233,11.50290739,3.525805157,4.941026458,0.008306338,7.24542549,-0.54438861,-0.094016657,2.351450967,-0.116666667,0.971674764,2.77316004,3.958888466,0.290833333,1.635311143,2.821707847,0.642702772,6.928825258,2.090566595,1.345171376,15.67534055,0.316666667,3.55,0.646240284,0.491748625,3.765119164,0.739734025,3.592113241,1.253698801,0.607397075,4.086822806,0.607397075,17.75036955,0.604049087,0.984269245,2.77316004,7.775134153,9.639413476,1.261583206,6.594604415
2017,1.948647409,2.081268583,2.12597086,1.482998972,2.822758055,1.596884129,0.533795988,4.312141032,1.625707485,0.531766496,1.509496558,1.14713217,3.279556947,0.417335589,1.381458714,1.956083333,1.429107433,0.754015047,1.032282751,2.557755776,1.121235477,4.424536552,3.934360844,10.68008872,3.80879807,2.490886999,0.340531561,8.044924377,0.244210526,1.226533166,4.375785137,0.467211747,1.944455907,3.279556947,7.704137679,1.730799591,0.754663249,6.04145724,1.364354482,4.572536553,3.871201158,1.863497066,16.52353998,1.381458714,1.875100596,1.850787675,1.850787675,4.08537368,0.875585919,2.80283917,2.853187726,1.368614116,3.602477413,1.730799591,32.3516261,1.012354033,1.794499047,2.80283917,11.14431108,6.218093826,2.130110004,5.181082233
2018,1.911400944,1.998381877,2.053164999,1.955943027,2.272059872,2.268225672,0.936313303,3.240234138,2.221215313,1.435491195,1.732167661,0.813609467,3.56443426,-0.224103246,1.703497947,1.675067615,1.73860862,1.083820984,1.850815083,2.292839903,0.625629147,3.751861867,4.347349378,12.48141112,3.198346416,4.860699467,0.488370168,18.01411834,0.814852151,1.137487636,3.740158366,0.97990367,1.475862404,3.240234138,2.135037737,1.528195243,1.912959405,4.899350154,1.157823625,6.872328657,0.884709161,2.355404485,12.09473155,1.703497947,2.764831345,1.598297038,1.911400944,5.078057259,0.761578359,1.317647659,5.211604606,0.993715683,3.975610157,1.73860862,63.29250735,1.090330006,1.953535301,2.324144854,16.3324639,7.606533604,2.442583297,4.504577493
2019,1.610767873,1.530895534,1.43681957,-3.23338934,1.83954505,1.949269024,0.362916005,3.525492736,2.096202566,0.250370997,1.445667015,0.758131573,1.81060377,0.266012515,1.445667015,0.699536242,1.630522608,1.02409393,1.108254923,1.738104601,0.252978044,3.69998398,4.365871598,18.70378257,3.03058665,7.659694743,0.939044481,39.90734557,0.841596534,0.611246944,3.909646229,0.476973684,0.382946132,3.525492736,3.528393582,1.743320757,0.196065521,3.635961421,1.642060018,8.825066968,0.662891866,1.88073955,11.39679497,2.633699102,2.167730033,1.619631902,1.738104601,10.5783618,-0.355083821,2.137153426,2.480278587,0.33817841,2.757097276,1.619631902,50.9940515,0.075324135,1.784150974,3.141295006,15.17682157,7.881988709,1.812210075,4.124350725
